Year;Month;Day;Hour;Rain (mm);Rain (bool)
2021;01;01;00;0;0
2021;01;01;01;0;0
2021;01;01;02;0;0
2021;01;01;03;0;0
2021;01;01;04;0;0
2021;01;01;05;0;0
2021;01;01;06;0;0
2021;01;01;07;0;0
2021;01;01;08;0;0
2021;01;01;09;0;0
2021;01;01;10;0;0
2021;01;01;11;0;0
2021;01;01;12;0;1
2021;01;01;13;0;1
2021;01;01;14;0;1
2021;01;01;15;0;0
2021;01;01;16;0;0
2021;01;01;17;0;0
2021;01;01;18;0;1
2021;01;01;19;0;0
2021;01;01;20;0;0
2021;01;01;21;0;0
2021;01;01;22;0;0
2021;01;01;23;0;0
2021;01;02;00;0;0
2021;01;02;01;0;0
2021;01;02;02;0;0
2021;01;02;03;0;0
2021;01;02;04;0;0
2021;01;02;05;0;0
2021;01;02;06;0;0
2021;01;02;07;0;0
2021;01;02;08;0;1
2021;01;02;09;0;1
2021;01;02;10;0;1
2021;01;02;11;0;1
2021;01;02;12;0;0
2021;01;02;13;0;0
2021;01;02;14;0;0
2021;01;02;15;0;0
2021;01;02;16;0;0
2021;01;02;17;0;1
2021;01;02;18;0;1
2021;01;02;19;0;0
2021;01;02;20;0;0
2021;01;02;21;0;0
2021;01;02;22;0;0
2021;01;02;23;0;0
2021;01;03;00;0;0
2021;01;03;01;0;0
2021;01;03;02;0;0
2021;01;03;03;0;0
2021;01;03;04;0;0
2021;01;03;05;0;0
2021;01;03;06;0;0
2021;01;03;07;0;0
2021;01;03;08;0;0
2021;01;03;09;0;0
2021;01;03;10;0;1
2021;01;03;11;0;1
2021;01;03;12;0;0
2021;01;03;13;0;1
2021;01;03;14;0;0
2021;01;03;15;0;1
2021;01;03;16;0;1
2021;01;03;17;1;1
2021;01;03;18;3;1
2021;01;03;19;3;1
2021;01;03;20;2;1
2021;01;03;21;1;1
2021;01;03;22;0;1
2021;01;03;23;3;1
2021;01;04;00;1;1
2021;01;04;01;1;1
2021;01;04;02;0;1
2021;01;04;03;0;1
2021;01;04;04;0;1
2021;01;04;05;2;1
2021;01;04;06;3;1
2021;01;04;07;1;1
2021;01;04;08;2;1
2021;01;04;09;0;1
2021;01;04;10;1;1
2021;01;04;11;2;1
2021;01;04;12;0;1
2021;01;04;13;0;1
2021;01;04;14;2;1
2021;01;04;15;1;1
2021;01;04;16;1;1
2021;01;04;17;0;1
2021;01;04;18;1;1
2021;01;04;19;0;1
2021;01;04;20;1;1
2021;01;04;21;0;1
2021;01;04;22;0;1
2021;01;04;23;0;1
2021;01;05;00;0;0
2021;01;05;01;0;0
2021;01;05;02;0;1
2021;01;05;03;0;1
2021;01;05;04;0;1
2021;01;05;05;0;0
2021;01;05;06;0;0
2021;01;05;07;0;0
2021;01;05;08;0;0
2021;01;05;09;0;0
2021;01;05;10;0;0
2021;01;05;11;0;1
2021;01;05;12;0;1
2021;01;05;13;4;1
2021;01;05;14;0;1
2021;01;05;15;0;0
2021;01;05;16;0;0
2021;01;05;17;0;1
2021;01;05;18;0;1
2021;01;05;19;1;1
2021;01;05;20;0;1
2021;01;05;21;0;1
2021;01;05;22;0;1
2021;01;05;23;0;1
2021;01;06;00;0;1
2021;01;06;01;0;1
2021;01;06;02;0;1
2021;01;06;03;0;1
2021;01;06;04;0;0
2021;01;06;05;0;0
2021;01;06;06;0;0
2021;01;06;07;0;0
2021;01;06;08;0;0
2021;01;06;09;0;0
2021;01;06;10;0;0
2021;01;06;11;0;0
2021;01;06;12;0;1
2021;01;06;13;0;0
2021;01;06;14;0;1
2021;01;06;15;0;1
2021;01;06;16;0;1
2021;01;06;17;1;1
2021;01;06;18;1;1
2021;01;06;19;1;1
2021;01;06;20;0;1
2021;01;06;21;0;1
2021;01;06;22;0;1
2021;01;06;23;0;1
2021;01;07;00;0;1
2021;01;07;01;0;1
2021;01;07;02;0;1
2021;01;07;03;0;1
2021;01;07;04;1;1
2021;01;07;05;1;1
2021;01;07;06;3;1
2021;01;07;07;0;1
2021;01;07;08;0;1
2021;01;07;09;0;1
2021;01;07;10;0;1
2021;01;07;11;0;1
2021;01;07;12;0;1
2021;01;07;13;1;1
2021;01;07;14;0;1
2021;01;07;15;3;1
2021;01;07;16;4;1
2021;01;07;17;7;1
2021;01;07;18;6;1
2021;01;07;19;2;1
2021;01;07;20;2;1
2021;01;07;21;2;1
2021;01;07;22;1;1
2021;01;07;23;0;1
2021;01;08;00;0;1
2021;01;08;01;0;1
2021;01;08;02;0;1
2021;01;08;03;1;1
2021;01;08;04;0;1
2021;01;08;05;2;1
2021;01;08;06;2;1
2021;01;08;07;3;1
2021;01;08;08;0;1
2021;01;08;09;0;1
2021;01;08;10;0;1
2021;01;08;11;0;0
2021;01;08;12;0;0
2021;01;08;13;0;0
2021;01;08;14;0;0
2021;01;08;15;0;0
2021;01;08;16;0;0
2021;01;08;17;0;0
2021;01;08;18;0;0
2021;01;08;19;0;0
2021;01;08;20;0;1
2021;01;08;21;0;0
2021;01;08;22;0;0
2021;01;08;23;0;0
2021;01;09;00;0;0
2021;01;09;01;0;0
2021;01;09;02;0;0
2021;01;09;03;0;0
2021;01;09;04;0;0
2021;01;09;05;0;0
2021;01;09;06;0;0
2021;01;09;07;0;0
2021;01;09;08;0;0
2021;01;09;09;0;0
2021;01;09;10;0;0
2021;01;09;11;0;0
2021;01;09;12;0;0
2021;01;09;13;0;0
2021;01;09;14;0;0
2021;01;09;15;0;0
2021;01;09;16;0;0
2021;01;09;17;0;0
2021;01;09;18;0;0
2021;01;09;19;0;0
2021;01;09;20;6;1
2021;01;09;21;6;1
2021;01;09;22;0;1
2021;01;09;23;0;0
2021;01;10;00;0;0
2021;01;10;01;0;0
2021;01;10;02;0;1
2021;01;10;03;0;1
2021;01;10;04;0;0
2021;01;10;05;0;0
2021;01;10;06;0;1
2021;01;10;07;0;0
2021;01;10;08;0;0
2021;01;10;09;0;0
2021;01;10;10;0;0
2021;01;10;11;0;0
2021;01;10;12;0;0
2021;01;10;13;0;0
2021;01;10;14;0;0
2021;01;10;15;0;0
2021;01;10;16;0;0
2021;01;10;17;0;0
2021;01;10;18;0;0
2021;01;10;19;0;1
2021;01;10;20;0;1
2021;01;10;21;0;1
2021;01;10;22;0;1
2021;01;10;23;0;1
2021;01;11;00;0;1
2021;01;11;01;0;1
2021;01;11;02;0;1
2021;01;11;03;0;1
2021;01;11;04;0;1
2021;01;11;05;0;0
2021;01;11;06;0;1
2021;01;11;07;0;1
2021;01;11;08;0;1
2021;01;11;09;0;1
2021;01;11;10;0;1
2021;01;11;11;0;1
2021;01;11;12;0;1
2021;01;11;13;0;1
2021;01;11;14;0;1
2021;01;11;15;0;0
2021;01;11;16;0;0
2021;01;11;17;0;0
2021;01;11;18;0;0
2021;01;11;19;0;0
2021;01;11;20;0;0
2021;01;11;21;1;1
2021;01;11;22;10;1
2021;01;11;23;4;1
2021;01;12;00;1;1
2021;01;12;01;6;1
2021;01;12;02;8;1
2021;01;12;03;9;1
2021;01;12;04;10;1
2021;01;12;05;10;1
2021;01;12;06;15;1
2021;01;12;07;18;1
2021;01;12;08;9;1
2021;01;12;09;2;1
2021;01;12;10;1;1
2021;01;12;11;0;1
2021;01;12;12;3;1
2021;01;12;13;4;1
2021;01;12;14;0;0
2021;01;12;15;0;0
2021;01;12;16;1;1
2021;01;12;17;0;0
2021;01;12;18;0;0
2021;01;12;19;0;0
2021;01;12;20;0;0
2021;01;12;21;0;0
2021;01;12;22;0;0
2021;01;12;23;0;0
2021;01;13;00;0;0
2021;01;13;01;0;0
2021;01;13;02;0;0
2021;01;13;03;0;0
2021;01;13;04;0;0
2021;01;13;05;0;0
2021;01;13;06;1;1
2021;01;13;07;0;1
2021;01;13;08;0;1
2021;01;13;09;1;1
2021;01;13;10;1;1
2021;01;13;11;0;1
2021;01;13;12;0;1
2021;01;13;13;0;1
2021;01;13;14;0;1
2021;01;13;15;6;1
2021;01;13;16;0;0
2021;01;13;17;0;0
2021;01;13;18;0;1
2021;01;13;19;2;1
2021;01;13;20;0;1
2021;01;13;21;0;0
2021;01;13;22;0;0
2021;01;13;23;0;0
2021;01;14;00;0;0
2021;01;14;01;0;0
2021;01;14;02;0;0
2021;01;14;03;0;0
2021;01;14;04;0;0
2021;01;14;05;0;0
2021;01;14;06;0;0
2021;01;14;07;0;0
2021;01;14;08;0;0
2021;01;14;09;0;0
2021;01;14;10;0;1
2021;01;14;11;0;1
2021;01;14;12;0;0
2021;01;14;13;0;0
2021;01;14;14;0;0
2021;01;14;15;0;0
2021;01;14;16;0;0
2021;01;14;17;0;0
2021;01;14;18;0;0
2021;01;14;19;0;0
2021;01;14;20;0;0
2021;01;14;21;0;0
2021;01;14;22;0;0
2021;01;14;23;0;0
2021;01;15;00;0;0
2021;01;15;01;0;0
2021;01;15;02;0;0
2021;01;15;03;0;0
2021;01;15;04;0;0
2021;01;15;05;0;0
2021;01;15;06;0;0
2021;01;15;07;0;0
2021;01;15;08;0;0
2021;01;15;09;0;0
2021;01;15;10;0;1
2021;01;15;11;0;1
2021;01;15;12;0;1
2021;01;15;13;0;1
2021;01;15;14;0;1
2021;01;15;15;0;1
2021;01;15;16;0;0
2021;01;15;17;0;0
2021;01;15;18;0;0
2021;01;15;19;0;0
2021;01;15;20;0;0
2021;01;15;21;0;0
2021;01;15;22;0;0
2021;01;15;23;0;1
2021;01;16;00;0;0
2021;01;16;01;0;1
2021;01;16;02;0;1
2021;01;16;03;0;0
2021;01;16;04;0;1
2021;01;16;05;0;0
2021;01;16;06;0;0
2021;01;16;07;0;0
2021;01;16;08;0;0
2021;01;16;09;0;0
2021;01;16;10;0;0
2021;01;16;11;0;0
2021;01;16;12;0;0
2021;01;16;13;0;0
2021;01;16;14;0;0
2021;01;16;15;0;0
2021;01;16;16;0;0
2021;01;16;17;0;0
2021;01;16;18;0;0
2021;01;16;19;0;0
2021;01;16;20;0;1
2021;01;16;21;2;1
2021;01;16;22;3;1
2021;01;16;23;2;1
2021;01;17;00;4;1
2021;01;17;01;0;1
2021;01;17;02;0;1
2021;01;17;03;0;1
2021;01;17;04;0;1
2021;01;17;05;0;1
2021;01;17;06;0;0
2021;01;17;07;0;0
2021;01;17;08;0;1
2021;01;17;09;1;1
2021;01;17;10;2;1
2021;01;17;11;1;1
2021;01;17;12;0;1
2021;01;17;13;0;1
2021;01;17;14;1;1
2021;01;17;15;2;1
2021;01;17;16;0;1
2021;01;17;17;5;1
2021;01;17;18;2;1
2021;01;17;19;2;1
2021;01;17;20;5;1
2021;01;17;21;0;0
2021;01;17;22;0;1
2021;01;17;23;0;1
2021;01;18;00;0;0
2021;01;18;01;0;0
2021;01;18;02;0;0
2021;01;18;03;0;0
2021;01;18;04;0;0
2021;01;18;05;0;0
2021;01;18;06;0;0
2021;01;18;07;0;0
2021;01;18;08;0;0
2021;01;18;09;0;0
2021;01;18;10;0;0
2021;01;18;11;0;0
2021;01;18;12;0;0
2021;01;18;13;0;1
2021;01;18;14;2;1
2021;01;18;15;0;1
2021;01;18;16;0;0
2021;01;18;17;0;1
2021;01;18;18;0;0
2021;01;18;19;3;1
2021;01;18;20;0;1
2021;01;18;21;0;0
2021;01;18;22;0;0
2021;01;18;23;0;1
2021;01;19;00;1;1
2021;01;19;01;0;1
2021;01;19;02;0;0
2021;01;19;03;0;0
2021;01;19;04;0;1
2021;01;19;05;0;1
2021;01;19;06;4;1
2021;01;19;07;6;1
2021;01;19;08;13;1
2021;01;19;09;22;1
2021;01;19;10;15;1
2021;01;19;11;10;1
2021;01;19;12;6;1
2021;01;19;13;4;1
2021;01;19;14;2;1
2021;01;19;15;4;1
2021;01;19;16;6;1
2021;01;19;17;8;1
2021;01;19;18;1;1
2021;01;19;19;0;1
2021;01;19;20;1;1
2021;01;19;21;0;1
2021;01;19;22;0;1
2021;01;19;23;0;0
2021;01;20;00;0;0
2021;01;20;01;0;0
2021;01;20;02;0;0
2021;01;20;03;2;1
2021;01;20;04;0;1
2021;01;20;05;0;1
2021;01;20;06;0;1
2021;01;20;07;0;0
2021;01;20;08;0;0
2021;01;20;09;0;0
2021;01;20;10;0;0
2021;01;20;11;0;0
2021;01;20;12;0;0
2021;01;20;13;0;0
2021;01;20;14;0;0
2021;01;20;15;0;0
2021;01;20;16;0;1
2021;01;20;17;0;0
2021;01;20;18;0;0
2021;01;20;19;0;0
2021;01;20;20;0;0
2021;01;20;21;0;0
2021;01;20;22;0;0
2021;01;20;23;0;0
2021;01;21;00;0;0
2021;01;21;01;0;1
2021;01;21;02;0;0
2021;01;21;03;0;0
2021;01;21;04;0;0
2021;01;21;05;0;1
2021;01;21;06;0;1
2021;01;21;07;8;1
2021;01;21;08;0;1
2021;01;21;09;0;0
2021;01;21;10;0;0
2021;01;21;11;0;0
2021;01;21;12;0;0
2021;01;21;13;0;0
2021;01;21;14;0;0
2021;01;21;15;0;0
2021;01;21;16;0;0
2021;01;21;17;0;0
2021;01;21;18;0;0
2021;01;21;19;0;1
2021;01;21;20;1;1
2021;01;21;21;17;1
2021;01;21;22;7;1
2021;01;21;23;5;1
2021;01;22;00;3;1
2021;01;22;01;1;1
2021;01;22;02;6;1
2021;01;22;03;22;1
2021;01;22;04;4;1
2021;01;22;05;0;1
2021;01;22;06;0;0
2021;01;22;07;0;0
2021;01;22;08;0;0
2021;01;22;09;0;0
2021;01;22;10;0;0
2021;01;22;11;0;0
2021;01;22;12;0;0
2021;01;22;13;0;0
2021;01;22;14;0;0
2021;01;22;15;0;0
2021;01;22;16;0;0
2021;01;22;17;0;0
2021;01;22;18;0;0
2021;01;22;19;0;0
2021;01;22;20;0;0
2021;01;22;21;0;0
2021;01;22;22;0;0
2021;01;22;23;0;0
2021;01;23;00;0;0
2021;01;23;01;0;0
2021;01;23;02;0;0
2021;01;23;03;0;0
2021;01;23;04;0;0
2021;01;23;05;0;0
2021;01;23;06;0;0
2021;01;23;07;0;0
2021;01;23;08;0;1
2021;01;23;09;1;1
2021;01;23;10;0;0
2021;01;23;11;0;1
2021;01;23;12;0;0
2021;01;23;13;0;0
2021;01;23;14;0;0
2021;01;23;15;0;0
2021;01;23;16;0;0
2021;01;23;17;0;0
2021;01;23;18;0;0
2021;01;23;19;0;0
2021;01;23;20;0;0
2021;01;23;21;0;0
2021;01;23;22;0;0
2021;01;23;23;0;0
2021;01;24;00;0;1
2021;01;24;01;0;0
2021;01;24;02;0;1
2021;01;24;03;6;1
2021;01;24;04;1;1
2021;01;24;05;2;1
2021;01;24;06;6;1
2021;01;24;07;5;1
2021;01;24;08;2;1
2021;01;24;09;0;0
2021;01;24;10;0;0
2021;01;24;11;0;0
2021;01;24;12;0;0
2021;01;24;13;0;0
2021;01;24;14;0;0
2021;01;24;15;0;0
2021;01;24;16;0;0
2021;01;24;17;0;0
2021;01;24;18;0;0
2021;01;24;19;0;0
2021;01;24;20;0;0
2021;01;24;21;0;0
2021;01;24;22;0;0
2021;01;24;23;0;0
2021;01;25;00;0;0
2021;01;25;01;0;0
2021;01;25;02;0;0
2021;01;25;03;0;0
2021;01;25;04;0;0
2021;01;25;05;0;0
2021;01;25;06;0;0
2021;01;25;07;0;0
2021;01;25;08;0;0
2021;01;25;09;0;0
2021;01;25;10;0;0
2021;01;25;11;0;0
2021;01;25;12;0;0
2021;01;25;13;0;0
2021;01;25;14;0;0
2021;01;25;15;0;0
2021;01;25;16;0;0
2021;01;25;17;0;0
2021;01;25;18;0;0
2021;01;25;19;0;0
2021;01;25;20;0;0
2021;01;25;21;0;1
2021;01;25;22;4;1
2021;01;25;23;3;1
2021;01;26;00;4;1
2021;01;26;01;4;1
2021;01;26;02;6;1
2021;01;26;03;5;1
2021;01;26;04;5;1
2021;01;26;05;1;1
2021;01;26;06;0;0
2021;01;26;07;0;0
2021;01;26;08;0;0
2021;01;26;09;0;1
2021;01;26;10;0;0
2021;01;26;11;0;0
2021;01;26;12;0;0
2021;01;26;13;0;0
2021;01;26;14;0;0
2021;01;26;15;0;0
2021;01;26;16;0;0
2021;01;26;17;0;1
2021;01;26;18;0;0
2021;01;26;19;3;1
2021;01;26;20;2;1
2021;01;26;21;0;0
2021;01;26;22;0;0
2021;01;26;23;0;0
2021;01;27;00;0;0
2021;01;27;01;0;0
2021;01;27;02;0;0
2021;01;27;03;0;0
2021;01;27;04;0;0
2021;01;27;05;0;0
2021;01;27;06;0;0
2021;01;27;07;0;1
2021;01;27;08;0;1
2021;01;27;09;5;1
2021;01;27;10;6;1
2021;01;27;11;1;1
2021;01;27;12;1;1
2021;01;27;13;0;1
2021;01;27;14;0;1
2021;01;27;15;0;1
2021;01;27;16;1;1
2021;01;27;17;1;1
2021;01;27;18;3;1
2021;01;27;19;1;1
2021;01;27;20;0;0
2021;01;27;21;0;1
2021;01;27;22;2;1
2021;01;27;23;0;1
2021;01;28;00;1;1
2021;01;28;01;0;1
2021;01;28;02;0;1
2021;01;28;03;7;1
2021;01;28;04;2;1
2021;01;28;05;2;1
2021;01;28;06;2;1
2021;01;28;07;0;1
2021;01;28;08;0;0
2021;01;28;09;3;1
2021;01;28;10;6;1
2021;01;28;11;9;1
2021;01;28;12;8;1
2021;01;28;13;7;1
2021;01;28;14;6;1
2021;01;28;15;1;1
2021;01;28;16;0;1
2021;01;28;17;0;1
2021;01;28;18;4;1
2021;01;28;19;0;1
2021;01;28;20;0;1
2021;01;28;21;0;1
2021;01;28;22;0;1
2021;01;28;23;1;1
2021;01;29;00;0;1
2021;01;29;01;0;1
2021;01;29;02;0;1
2021;01;29;03;1;1
2021;01;29;04;4;1
2021;01;29;05;7;1
2021;01;29;06;20;1
2021;01;29;07;23;1
2021;01;29;08;21;1
2021;01;29;09;30;1
2021;01;29;10;20;1
2021;01;29;11;15;1
2021;01;29;12;3;1
2021;01;29;13;1;1
2021;01;29;14;0;1
2021;01;29;15;0;1
2021;01;29;16;0;0
2021;01;29;17;0;1
2021;01;29;18;0;1
2021;01;29;19;0;1
2021;01;29;20;0;1
2021;01;29;21;1;1
2021;01;29;22;2;1
2021;01;29;23;2;1
2021;01;30;00;0;0
2021;01;30;01;0;1
2021;01;30;02;0;1
2021;01;30;03;0;1
2021;01;30;04;0;0
2021;01;30;05;0;0
2021;01;30;06;0;0
2021;01;30;07;0;0
2021;01;30;08;0;0
2021;01;30;09;0;0
2021;01;30;10;0;0
2021;01;30;11;0;0
2021;01;30;12;0;0
2021;01;30;13;0;0
2021;01;30;14;0;0
2021;01;30;15;0;0
2021;01;30;16;0;0
2021;01;30;17;0;0
2021;01;30;18;0;0
2021;01;30;19;0;0
2021;01;30;20;0;0
2021;01;30;21;0;0
2021;01;30;22;0;0
2021;01;30;23;0;0
2021;01;31;00;0;0
2021;01;31;01;0;0
2021;01;31;02;0;0
2021;01;31;03;0;0
2021;01;31;04;0;0
2021;01;31;05;0;0
2021;01;31;06;0;0
2021;01;31;07;0;0
2021;01;31;08;0;0
2021;01;31;09;0;0
2021;01;31;10;0;0
2021;01;31;11;0;0
2021;01;31;12;0;0
2021;01;31;13;0;0
2021;01;31;14;0;0
2021;01;31;15;0;0
2021;01;31;16;0;0
2021;01;31;17;0;0
2021;01;31;18;0;0
2021;01;31;19;0;0
2021;01;31;20;0;0
2021;01;31;21;0;0
2021;01;31;22;0;0
2021;01;31;23;0;0
2021;02;01;00;0;0
2021;02;01;01;0;0
2021;02;01;02;0;0
2021;02;01;03;0;0
2021;02;01;04;0;1
2021;02;01;05;0;1
2021;02;01;06;1;1
2021;02;01;07;0;1
2021;02;01;08;0;1
2021;02;01;09;0;1
2021;02;01;10;0;1
2021;02;01;11;0;1
2021;02;01;12;0;1
2021;02;01;13;0;1
2021;02;01;14;0;1
2021;02;01;15;0;1
2021;02;01;16;0;1
2021;02;01;17;0;1
2021;02;01;18;1;1
2021;02;01;19;0;1
2021;02;01;20;0;1
2021;02;01;21;0;1
2021;02;01;22;0;1
2021;02;01;23;0;1
2021;02;02;00;1;1
2021;02;02;01;0;1
2021;02;02;02;2;1
2021;02;02;03;1;1
2021;02;02;04;0;1
2021;02;02;05;1;1
2021;02;02;06;0;1
2021;02;02;07;0;0
2021;02;02;08;0;0
2021;02;02;09;0;0
2021;02;02;10;1;1
2021;02;02;11;9;1
2021;02;02;12;1;1
2021;02;02;13;2;1
2021;02;02;14;16;1
2021;02;02;15;2;1
2021;02;02;16;3;1
2021;02;02;17;1;1
2021;02;02;18;5;1
2021;02;02;19;0;0
2021;02;02;20;0;1
2021;02;02;21;0;1
2021;02;02;22;11;1
2021;02;02;23;0;0
2021;02;03;00;0;0
2021;02;03;01;0;1
2021;02;03;02;9;1
2021;02;03;03;9;1
2021;02;03;04;1;1
2021;02;03;05;0;1
2021;02;03;06;0;1
2021;02;03;07;4;1
2021;02;03;08;0;1
2021;02;03;09;0;1
2021;02;03;10;0;0
2021;02;03;11;1;1
2021;02;03;12;13;1
2021;02;03;13;14;1
2021;02;03;14;14;1
2021;02;03;15;37;1
2021;02;03;16;30;1
2021;02;03;17;2;1
2021;02;03;18;9;1
2021;02;03;19;8;1
2021;02;03;20;0;1
2021;02;03;21;0;1
2021;02;03;22;1;1
2021;02;03;23;7;1
2021;02;04;00;10;1
2021;02;04;01;1;1
2021;02;04;02;0;0
2021;02;04;03;0;1
2021;02;04;04;0;1
2021;02;04;05;1;1
2021;02;04;06;0;0
2021;02;04;07;0;0
2021;02;04;08;0;0
2021;02;04;09;0;0
2021;02;04;10;0;0
2021;02;04;11;0;0
2021;02;04;12;0;0
2021;02;04;13;0;0
2021;02;04;14;0;0
2021;02;04;15;0;1
2021;02;04;16;0;0
2021;02;04;17;0;0
2021;02;04;18;0;0
2021;02;04;19;0;0
2021;02;04;20;0;0
2021;02;04;21;0;0
2021;02;04;22;0;0
2021;02;04;23;0;0
2021;02;05;00;0;0
2021;02;05;01;0;0
2021;02;05;02;0;0
2021;02;05;03;0;0
2021;02;05;04;0;0
2021;02;05;05;0;0
2021;02;05;06;0;0
2021;02;05;07;0;0
2021;02;05;08;0;1
2021;02;05;09;0;0
2021;02;05;10;0;0
2021;02;05;11;3;1
2021;02;05;12;0;0
2021;02;05;13;0;0
2021;02;05;14;0;0
2021;02;05;15;0;0
2021;02;05;16;0;0
2021;02;05;17;0;1
2021;02;05;18;4;1
2021;02;05;19;0;0
2021;02;05;20;0;0
2021;02;05;21;1;1
2021;02;05;22;0;0
2021;02;05;23;0;0
2021;02;06;00;0;0
2021;02;06;01;0;0
2021;02;06;02;0;0
2021;02;06;03;1;1
2021;02;06;04;1;1
2021;02;06;05;0;1
2021;02;06;06;0;1
2021;02;06;07;0;1
2021;02;06;08;0;1
2021;02;06;09;0;1
2021;02;06;10;0;0
2021;02;06;11;0;1
2021;02;06;12;0;1
2021;02;06;13;0;1
2021;02;06;14;0;1
2021;02;06;15;0;1
2021;02;06;16;0;1
2021;02;06;17;1;1
2021;02;06;18;0;1
2021;02;06;19;0;1
2021;02;06;20;0;1
2021;02;06;21;0;1
2021;02;06;22;0;1
2021;02;06;23;3;1
2021;02;07;00;6;1
2021;02;07;01;8;1
2021;02;07;02;13;1
2021;02;07;03;12;1
2021;02;07;04;7;1
2021;02;07;05;21;1
2021;02;07;06;20;1
2021;02;07;07;11;1
2021;02;07;08;10;1
2021;02;07;09;7;1
2021;02;07;10;6;1
2021;02;07;11;2;1
2021;02;07;12;3;1
2021;02;07;13;4;1
2021;02;07;14;4;1
2021;02;07;15;3;1
2021;02;07;16;5;1
2021;02;07;17;2;1
2021;02;07;18;0;1
2021;02;07;19;0;1
2021;02;07;20;0;1
2021;02;07;21;0;1
2021;02;07;22;0;1
2021;02;07;23;0;1
2021;02;08;00;0;1
2021;02;08;01;0;1
2021;02;08;02;0;1
2021;02;08;03;0;1
2021;02;08;04;1;1
2021;02;08;05;1;1
2021;02;08;06;0;1
2021;02;08;07;1;1
2021;02;08;08;5;1
2021;02;08;09;3;1
2021;02;08;10;3;1
2021;02;08;11;4;1
2021;02;08;12;6;1
2021;02;08;13;6;1
2021;02;08;14;4;1
2021;02;08;15;6;1
2021;02;08;16;5;1
2021;02;08;17;5;1
2021;02;08;18;1;1
2021;02;08;19;3;1
2021;02;08;20;1;1
2021;02;08;21;1;1
2021;02;08;22;0;1
2021;02;08;23;0;1
2021;02;09;00;0;1
2021;02;09;01;0;1
2021;02;09;02;0;1
2021;02;09;03;0;1
2021;02;09;04;0;1
2021;02;09;05;0;1
2021;02;09;06;0;0
2021;02;09;07;0;0
2021;02;09;08;0;0
2021;02;09;09;0;0
2021;02;09;10;0;0
2021;02;09;11;0;0
2021;02;09;12;0;0
2021;02;09;13;0;0
2021;02;09;14;0;0
2021;02;09;15;0;0
2021;02;09;16;0;0
2021;02;09;17;0;0
2021;02;09;18;0;0
2021;02;09;19;0;0
2021;02;09;20;0;0
2021;02;09;21;0;0
2021;02;09;22;0;0
2021;02;09;23;0;0
2021;02;10;00;0;0
2021;02;10;01;0;0
2021;02;10;02;0;1
2021;02;10;03;0;1
2021;02;10;04;0;1
2021;02;10;05;0;1
2021;02;10;06;0;1
2021;02;10;07;0;1
2021;02;10;08;0;1
2021;02;10;09;0;1
2021;02;10;10;0;1
2021;02;10;11;0;1
2021;02;10;12;0;0
2021;02;10;13;0;0
2021;02;10;14;0;0
2021;02;10;15;0;0
2021;02;10;16;0;0
2021;02;10;17;0;0
2021;02;10;18;0;0
2021;02;10;19;0;0
2021;02;10;20;0;0
2021;02;10;21;0;1
2021;02;10;22;0;0
2021;02;10;23;0;0
2021;02;11;00;0;0
2021;02;11;01;0;0
2021;02;11;02;0;0
2021;02;11;03;0;0
2021;02;11;04;0;0
2021;02;11;05;0;0
2021;02;11;06;0;0
2021;02;11;07;0;0
2021;02;11;08;0;0
2021;02;11;09;0;0
2021;02;11;10;0;0
2021;02;11;11;0;0
2021;02;11;12;0;0
2021;02;11;13;0;0
2021;02;11;14;0;0
2021;02;11;15;0;0
2021;02;11;16;0;0
2021;02;11;17;0;0
2021;02;11;18;0;0
2021;02;11;19;0;0
2021;02;11;20;0;0
2021;02;11;21;0;0
2021;02;11;22;0;0
2021;02;11;23;0;0
2021;02;12;00;0;0
2021;02;12;01;0;0
2021;02;12;02;0;0
2021;02;12;03;0;0
2021;02;12;04;0;0
2021;02;12;05;0;0
2021;02;12;06;0;0
2021;02;12;07;0;0
2021;02;12;08;0;0
2021;02;12;09;0;0
2021;02;12;10;0;0
2021;02;12;11;0;1
2021;02;12;12;0;1
2021;02;12;13;0;0
2021;02;12;14;0;0
2021;02;12;15;0;0
2021;02;12;16;0;0
2021;02;12;17;0;0
2021;02;12;18;0;0
2021;02;12;19;0;0
2021;02;12;20;0;0
2021;02;12;21;0;0
2021;02;12;22;0;0
2021;02;12;23;0;0
2021;02;13;00;0;0
2021;02;13;01;0;0
2021;02;13;02;0;0
2021;02;13;03;0;0
2021;02;13;04;0;0
2021;02;13;05;0;0
2021;02;13;06;0;0
2021;02;13;07;0;0
2021;02;13;08;0;0
2021;02;13;09;0;0
2021;02;13;10;0;0
2021;02;13;11;0;0
2021;02;13;12;0;0
2021;02;13;13;0;0
2021;02;13;14;0;0
2021;02;13;15;0;0
2021;02;13;16;0;0
2021;02;13;17;0;0
2021;02;13;18;0;0
2021;02;13;19;0;0
2021;02;13;20;0;0
2021;02;13;21;0;0
2021;02;13;22;0;0
2021;02;13;23;0;0
2021;02;14;00;0;0
2021;02;14;01;0;0
2021;02;14;02;0;0
2021;02;14;03;0;0
2021;02;14;04;0;0
2021;02;14;05;0;0
2021;02;14;06;0;0
2021;02;14;07;0;0
2021;02;14;08;0;0
2021;02;14;09;0;0
2021;02;14;10;0;0
2021;02;14;11;0;0
2021;02;14;12;0;0
2021;02;14;13;0;0
2021;02;14;14;0;0
2021;02;14;15;0;0
2021;02;14;16;0;0
2021;02;14;17;0;0
2021;02;14;18;0;0
2021;02;14;19;0;0
2021;02;14;20;0;0
2021;02;14;21;0;0
2021;02;14;22;0;0
2021;02;14;23;0;0
2021;02;15;00;0;0
2021;02;15;01;0;0
2021;02;15;02;0;0
2021;02;15;03;0;0
2021;02;15;04;0;0
2021;02;15;05;0;0
2021;02;15;06;0;0
2021;02;15;07;0;0
2021;02;15;08;0;0
2021;02;15;09;0;1
2021;02;15;10;0;0
2021;02;15;11;0;1
2021;02;15;12;18;1
2021;02;15;13;10;1
2021;02;15;14;1;1
2021;02;15;15;0;1
2021;02;15;16;1;1
2021;02;15;17;0;1
2021;02;15;18;0;1
2021;02;15;19;0;1
2021;02;15;20;0;1
2021;02;15;21;0;1
2021;02;15;22;1;1
2021;02;15;23;0;0
2021;02;16;00;0;0
2021;02;16;01;0;0
2021;02;16;02;0;0
2021;02;16;03;0;0
2021;02;16;04;0;0
2021;02;16;05;0;0
2021;02;16;06;0;0
2021;02;16;07;0;1
2021;02;16;08;1;1
2021;02;16;09;0;0
2021;02;16;10;0;0
2021;02;16;11;0;0
2021;02;16;12;0;0
2021;02;16;13;0;0
2021;02;16;14;0;0
2021;02;16;15;0;0
2021;02;16;16;0;0
2021;02;16;17;0;0
2021;02;16;18;0;0
2021;02;16;19;0;0
2021;02;16;20;0;0
2021;02;16;21;0;0
2021;02;16;22;2;1
2021;02;16;23;1;1
2021;02;17;00;0;1
2021;02;17;01;0;1
2021;02;17;02;0;0
2021;02;17;03;2;1
2021;02;17;04;0;1
2021;02;17;05;0;1
2021;02;17;06;4;1
2021;02;17;07;0;1
2021;02;17;08;0;0
2021;02;17;09;0;0
2021;02;17;10;0;0
2021;02;17;11;0;0
2021;02;17;12;0;0
2021;02;17;13;0;0
2021;02;17;14;0;0
2021;02;17;15;0;0
2021;02;17;16;0;0
2021;02;17;17;0;0
2021;02;17;18;0;0
2021;02;17;19;0;0
2021;02;17;20;0;0
2021;02;17;21;0;0
2021;02;17;22;0;0
2021;02;17;23;0;0
2021;02;18;00;0;0
2021;02;18;01;0;0
2021;02;18;02;0;0
2021;02;18;03;0;0
2021;02;18;04;0;0
2021;02;18;05;0;0
2021;02;18;06;0;0
2021;02;18;07;0;0
2021;02;18;08;0;0
2021;02;18;09;0;0
2021;02;18;10;0;0
2021;02;18;11;0;0
2021;02;18;12;0;0
2021;02;18;13;0;0
2021;02;18;14;0;0
2021;02;18;15;0;0
2021;02;18;16;0;0
2021;02;18;17;2;1
2021;02;18;18;4;1
2021;02;18;19;1;1
2021;02;18;20;2;1
2021;02;18;21;5;1
2021;02;18;22;6;1
2021;02;18;23;1;1
2021;02;19;00;0;0
2021;02;19;01;0;0
2021;02;19;02;0;0
2021;02;19;03;0;0
2021;02;19;04;0;0
2021;02;19;05;0;0
2021;02;19;06;0;0
2021;02;19;07;0;0
2021;02;19;08;0;0
2021;02;19;09;0;0
2021;02;19;10;0;0
2021;02;19;11;0;0
2021;02;19;12;0;0
2021;02;19;13;0;0
2021;02;19;14;0;0
2021;02;19;15;0;0
2021;02;19;16;0;0
2021;02;19;17;0;0
2021;02;19;18;0;0
2021;02;19;19;0;0
2021;02;19;20;0;0
2021;02;19;21;0;0
2021;02;19;22;0;0
2021;02;19;23;0;0
2021;02;20;00;0;0
2021;02;20;01;0;0
2021;02;20;02;0;0
2021;02;20;03;0;0
2021;02;20;04;0;0
2021;02;20;05;0;0
2021;02;20;06;0;0
2021;02;20;07;0;0
2021;02;20;08;0;0
2021;02;20;09;0;0
2021;02;20;10;0;0
2021;02;20;11;0;0
2021;02;20;12;0;0
2021;02;20;13;0;0
2021;02;20;14;0;0
2021;02;20;15;0;0
2021;02;20;16;0;0
2021;02;20;17;0;0
2021;02;20;18;0;0
2021;02;20;19;0;0
2021;02;20;20;0;0
2021;02;20;21;0;0
2021;02;20;22;0;0
2021;02;20;23;0;0
2021;02;21;00;0;0
2021;02;21;01;0;0
2021;02;21;02;0;0
2021;02;21;03;0;0
2021;02;21;04;0;0
2021;02;21;05;0;0
2021;02;21;06;0;0
2021;02;21;07;0;0
2021;02;21;08;0;0
2021;02;21;09;0;0
2021;02;21;10;0;0
2021;02;21;11;0;0
2021;02;21;12;0;0
2021;02;21;13;0;0
2021;02;21;14;0;0
2021;02;21;15;0;0
2021;02;21;16;0;0
2021;02;21;17;0;0
2021;02;21;18;0;0
2021;02;21;19;0;0
2021;02;21;20;0;0
2021;02;21;21;0;0
2021;02;21;22;0;0
2021;02;21;23;0;0
2021;02;22;00;0;0
2021;02;22;01;0;0
2021;02;22;02;0;0
2021;02;22;03;0;0
2021;02;22;04;0;0
2021;02;22;05;0;0
2021;02;22;06;0;0
2021;02;22;07;0;0
2021;02;22;08;0;0
2021;02;22;09;0;0
2021;02;22;10;0;0
2021;02;22;11;0;0
2021;02;22;12;0;0
2021;02;22;13;0;0
2021;02;22;14;0;0
2021;02;22;15;0;0
2021;02;22;16;0;0
2021;02;22;17;0;0
2021;02;22;18;0;0
2021;02;22;19;0;0
2021;02;22;20;0;0
2021;02;22;21;0;0
2021;02;22;22;0;0
2021;02;22;23;0;0
2021;02;23;00;0;0
2021;02;23;01;0;0
2021;02;23;02;0;0
2021;02;23;03;0;0
2021;02;23;04;0;0
2021;02;23;05;0;0
2021;02;23;06;0;0
2021;02;23;07;0;0
2021;02;23;08;0;0
2021;02;23;09;0;0
2021;02;23;10;0;0
2021;02;23;11;0;0
2021;02;23;12;0;0
2021;02;23;13;0;0
2021;02;23;14;0;0
2021;02;23;15;0;0
2021;02;23;16;0;0
2021;02;23;17;0;0
2021;02;23;18;0;0
2021;02;23;19;0;0
2021;02;23;20;0;0
2021;02;23;21;0;0
2021;02;23;22;0;0
2021;02;23;23;0;0
2021;02;24;00;0;0
2021;02;24;01;0;0
2021;02;24;02;0;0
2021;02;24;03;0;0
2021;02;24;04;0;0
2021;02;24;05;0;0
2021;02;24;06;0;0
2021;02;24;07;0;0
2021;02;24;08;0;0
2021;02;24;09;0;0
2021;02;24;10;0;0
2021;02;24;11;0;0
2021;02;24;12;0;0
2021;02;24;13;0;0
2021;02;24;14;0;0
2021;02;24;15;0;0
2021;02;24;16;0;0
2021;02;24;17;0;0
2021;02;24;18;0;0
2021;02;24;19;0;0
2021;02;24;20;0;0
2021;02;24;21;0;0
2021;02;24;22;0;0
2021;02;24;23;0;0
2021;02;25;00;0;0
2021;02;25;01;0;0
2021;02;25;02;0;0
2021;02;25;03;0;0
2021;02;25;04;0;0
2021;02;25;05;0;0
2021;02;25;06;0;0
2021;02;25;07;0;0
2021;02;25;08;0;0
2021;02;25;09;0;0
2021;02;25;10;0;0
2021;02;25;11;0;0
2021;02;25;12;0;0
2021;02;25;13;0;0
2021;02;25;14;0;0
2021;02;25;15;0;0
2021;02;25;16;0;0
2021;02;25;17;0;0
2021;02;25;18;0;0
2021;02;25;19;0;0
2021;02;25;20;3;1
2021;02;25;21;9;1
2021;02;25;22;17;1
2021;02;25;23;25;1
2021;02;26;00;2;1
2021;02;26;01;1;1
2021;02;26;02;0;0
2021;02;26;03;0;0
2021;02;26;04;0;0
2021;02;26;05;0;1
2021;02;26;06;0;1
2021;02;26;07;0;0
2021;02;26;08;0;0
2021;02;26;09;0;0
2021;02;26;10;0;0
2021;02;26;11;0;0
2021;02;26;12;0;0
2021;02;26;13;0;0
2021;02;26;14;0;0
2021;02;26;15;0;0
2021;02;26;16;0;0
2021;02;26;17;0;0
2021;02;26;18;0;0
2021;02;26;19;0;0
2021;02;26;20;0;0
2021;02;26;21;0;0
2021;02;26;22;0;0
2021;02;26;23;0;0
2021;02;27;00;0;0
2021;02;27;01;0;0
2021;02;27;02;0;0
2021;02;27;03;0;0
2021;02;27;04;0;0
2021;02;27;05;0;0
2021;02;27;06;0;0
2021;02;27;07;0;0
2021;02;27;08;0;0
2021;02;27;09;0;0
2021;02;27;10;0;0
2021;02;27;11;0;0
2021;02;27;12;0;0
2021;02;27;13;0;0
2021;02;27;14;0;0
2021;02;27;15;0;0
2021;02;27;16;0;0
2021;02;27;17;0;0
2021;02;27;18;0;0
2021;02;27;19;0;0
2021;02;27;20;0;0
2021;02;27;21;0;0
2021;02;27;22;0;0
2021;02;27;23;0;0
2021;02;28;00;0;0
2021;02;28;01;0;0
2021;02;28;02;0;0
2021;02;28;03;0;0
2021;02;28;04;0;0
2021;02;28;05;0;0
2021;02;28;06;0;0
2021;02;28;07;0;0
2021;02;28;08;0;0
2021;02;28;09;0;0
2021;02;28;10;0;0
2021;02;28;11;0;0
2021;02;28;12;0;0
2021;02;28;13;0;0
2021;02;28;14;0;0
2021;02;28;15;0;0
2021;02;28;16;0;0
2021;02;28;17;0;0
2021;02;28;18;0;0
2021;02;28;19;0;0
2021;02;28;20;0;0
2021;02;28;21;0;0
2021;02;28;22;0;0
2021;02;28;23;0;0
2021;03;01;00;0;0
2021;03;01;01;0;0
2021;03;01;02;0;0
2021;03;01;03;0;0
2021;03;01;04;0;0
2021;03;01;05;0;0
2021;03;01;06;0;0
2021;03;01;07;0;0
2021;03;01;08;0;0
2021;03;01;09;0;0
2021;03;01;10;0;0
2021;03;01;11;0;0
2021;03;01;12;0;0
2021;03;01;13;0;0
2021;03;01;14;0;0
2021;03;01;15;0;0
2021;03;01;16;0;0
2021;03;01;17;0;0
2021;03;01;18;0;0
2021;03;01;19;0;0
2021;03;01;20;0;0
2021;03;01;21;0;0
2021;03;01;22;0;0
2021;03;01;23;0;0
2021;03;02;00;0;0
2021;03;02;01;0;0
2021;03;02;02;0;0
2021;03;02;03;0;0
2021;03;02;04;0;0
2021;03;02;05;0;0
2021;03;02;06;0;0
2021;03;02;07;0;0
2021;03;02;08;0;0
2021;03;02;09;0;0
2021;03;02;10;0;0
2021;03;02;11;0;0
2021;03;02;12;0;0
2021;03;02;13;0;0
2021;03;02;14;0;0
2021;03;02;15;0;0
2021;03;02;16;0;0
2021;03;02;17;0;0
2021;03;02;18;0;0
2021;03;02;19;0;0
2021;03;02;20;0;0
2021;03;02;21;0;0
2021;03;02;22;0;0
2021;03;02;23;0;0
2021;03;03;00;0;0
2021;03;03;01;0;0
2021;03;03;02;0;0
2021;03;03;03;0;0
2021;03;03;04;0;0
2021;03;03;05;0;0
2021;03;03;06;0;0
2021;03;03;07;0;0
2021;03;03;08;0;0
2021;03;03;09;0;0
2021;03;03;10;0;0
2021;03;03;11;0;0
2021;03;03;12;0;0
2021;03;03;13;0;0
2021;03;03;14;0;0
2021;03;03;15;0;0
2021;03;03;16;0;0
2021;03;03;17;0;0
2021;03;03;18;0;0
2021;03;03;19;0;0
2021;03;03;20;0;0
2021;03;03;21;0;0
2021;03;03;22;0;0
2021;03;03;23;0;0
2021;03;04;00;0;0
2021;03;04;01;0;0
2021;03;04;02;0;0
2021;03;04;03;0;1
2021;03;04;04;0;1
2021;03;04;05;0;1
2021;03;04;06;0;0
2021;03;04;07;0;0
2021;03;04;08;0;1
2021;03;04;09;0;1
2021;03;04;10;0;1
2021;03;04;11;0;1
2021;03;04;12;0;0
2021;03;04;13;0;1
2021;03;04;14;0;0
2021;03;04;15;0;0
2021;03;04;16;0;1
2021;03;04;17;0;0
2021;03;04;18;0;1
2021;03;04;19;0;0
2021;03;04;20;0;0
2021;03;04;21;0;0
2021;03;04;22;0;1
2021;03;04;23;0;1
2021;03;05;00;0;0
2021;03;05;01;0;0
2021;03;05;02;0;0
2021;03;05;03;0;0
2021;03;05;04;0;0
2021;03;05;05;0;0
2021;03;05;06;0;0
2021;03;05;07;0;0
2021;03;05;08;0;0
2021;03;05;09;0;0
2021;03;05;10;0;0
2021;03;05;11;0;0
2021;03;05;12;0;0
2021;03;05;13;0;0
2021;03;05;14;0;0
2021;03;05;15;0;0
2021;03;05;16;0;0
2021;03;05;17;0;0
2021;03;05;18;0;0
2021;03;05;19;0;0
2021;03;05;20;0;0
2021;03;05;21;0;0
2021;03;05;22;0;0
2021;03;05;23;0;0
2021;03;06;00;0;0
2021;03;06;01;0;0
2021;03;06;02;0;0
2021;03;06;03;0;0
2021;03;06;04;0;0
2021;03;06;05;0;0
2021;03;06;06;0;0
2021;03;06;07;0;0
2021;03;06;08;0;0
2021;03;06;09;0;0
2021;03;06;10;0;0
2021;03;06;11;0;0
2021;03;06;12;0;0
2021;03;06;13;0;0
2021;03;06;14;0;0
2021;03;06;15;0;0
2021;03;06;16;0;0
2021;03;06;17;0;0
2021;03;06;18;0;0
2021;03;06;19;0;0
2021;03;06;20;0;0
2021;03;06;21;0;0
2021;03;06;22;0;0
2021;03;06;23;0;0
2021;03;07;00;0;0
2021;03;07;01;0;0
2021;03;07;02;0;0
2021;03;07;03;0;0
2021;03;07;04;0;0
2021;03;07;05;0;0
2021;03;07;06;0;0
2021;03;07;07;0;0
2021;03;07;08;0;0
2021;03;07;09;0;0
2021;03;07;10;0;0
2021;03;07;11;0;0
2021;03;07;12;0;0
2021;03;07;13;0;0
2021;03;07;14;0;0
2021;03;07;15;0;0
2021;03;07;16;0;0
2021;03;07;17;0;0
2021;03;07;18;0;0
2021;03;07;19;0;0
2021;03;07;20;0;0
2021;03;07;21;0;0
2021;03;07;22;0;0
2021;03;07;23;0;0
2021;03;08;00;0;0
2021;03;08;01;0;1
2021;03;08;02;0;1
2021;03;08;03;2;1
2021;03;08;04;0;1
2021;03;08;05;0;1
2021;03;08;06;1;1
2021;03;08;07;1;1
2021;03;08;08;0;0
2021;03;08;09;0;0
2021;03;08;10;0;0
2021;03;08;11;0;0
2021;03;08;12;0;0
2021;03;08;13;0;0
2021;03;08;14;0;0
2021;03;08;15;0;0
2021;03;08;16;0;0
2021;03;08;17;0;0
2021;03;08;18;0;0
2021;03;08;19;0;1
2021;03;08;20;3;1
2021;03;08;21;1;1
2021;03;08;22;3;1
2021;03;08;23;1;1
2021;03;09;00;1;1
2021;03;09;01;6;1
2021;03;09;02;8;1
2021;03;09;03;6;1
2021;03;09;04;11;1
2021;03;09;05;6;1
2021;03;09;06;7;1
2021;03;09;07;12;1
2021;03;09;08;15;1
2021;03;09;09;12;1
2021;03;09;10;3;1
2021;03;09;11;4;1
2021;03;09;12;1;1
2021;03;09;13;2;1
2021;03;09;14;2;1
2021;03;09;15;2;1
2021;03;09;16;2;1
2021;03;09;17;0;1
2021;03;09;18;0;0
2021;03;09;19;0;0
2021;03;09;20;0;0
2021;03;09;21;0;0
2021;03;09;22;0;0
2021;03;09;23;0;0
2021;03;10;00;0;0
2021;03;10;01;0;0
2021;03;10;02;0;0
2021;03;10;03;0;0
2021;03;10;04;0;0
2021;03;10;05;0;0
2021;03;10;06;0;0
2021;03;10;07;0;0
2021;03;10;08;0;0
2021;03;10;09;0;0
2021;03;10;10;0;0
2021;03;10;11;0;0
2021;03;10;12;0;0
2021;03;10;13;0;0
2021;03;10;14;0;0
2021;03;10;15;0;0
2021;03;10;16;0;0
2021;03;10;17;0;1
2021;03;10;18;0;1
2021;03;10;19;0;1
2021;03;10;20;0;0
2021;03;10;21;0;0
2021;03;10;22;0;1
2021;03;10;23;6;1
2021;03;11;00;3;1
2021;03;11;01;1;1
2021;03;11;02;0;1
2021;03;11;03;0;0
2021;03;11;04;0;1
2021;03;11;05;2;1
2021;03;11;06;16;1
2021;03;11;07;0;1
2021;03;11;08;0;1
2021;03;11;09;5;1
2021;03;11;10;0;0
2021;03;11;11;0;0
2021;03;11;12;0;1
2021;03;11;13;2;1
2021;03;11;14;0;1
2021;03;11;15;0;1
2021;03;11;16;12;1
2021;03;11;17;0;1
2021;03;11;18;0;1
2021;03;11;19;0;0
2021;03;11;20;0;0
2021;03;11;21;0;1
2021;03;11;22;0;0
2021;03;11;23;0;0
2021;03;12;00;0;0
2021;03;12;01;6;1
2021;03;12;02;0;0
2021;03;12;03;0;1
2021;03;12;04;1;1
2021;03;12;05;0;1
2021;03;12;06;0;0
2021;03;12;07;0;0
2021;03;12;08;0;0
2021;03;12;09;0;0
2021;03;12;10;0;0
2021;03;12;11;0;0
2021;03;12;12;0;1
2021;03;12;13;2;1
2021;03;12;14;0;1
2021;03;12;15;2;1
2021;03;12;16;1;1
2021;03;12;17;5;1
2021;03;12;18;0;0
2021;03;12;19;0;0
2021;03;12;20;4;1
2021;03;12;21;3;1
2021;03;12;22;0;0
2021;03;12;23;0;0
2021;03;13;00;0;0
2021;03;13;01;0;0
2021;03;13;02;0;0
2021;03;13;03;0;0
2021;03;13;04;3;1
2021;03;13;05;8;1
2021;03;13;06;15;1
2021;03;13;07;11;1
2021;03;13;08;6;1
2021;03;13;09;5;1
2021;03;13;10;0;0
2021;03;13;11;0;1
2021;03;13;12;0;1
2021;03;13;13;6;1
2021;03;13;14;0;1
2021;03;13;15;0;1
2021;03;13;16;0;1
2021;03;13;17;8;1
2021;03;13;18;7;1
2021;03;13;19;1;1
2021;03;13;20;4;1
2021;03;13;21;0;0
2021;03;13;22;0;0
2021;03;13;23;0;0
2021;03;14;00;0;0
2021;03;14;01;0;0
2021;03;14;02;0;0
2021;03;14;03;0;0
2021;03;14;04;0;1
2021;03;14;05;0;1
2021;03;14;06;1;1
2021;03;14;07;5;1
2021;03;14;08;6;1
2021;03;14;09;1;1
2021;03;14;10;0;0
2021;03;14;11;0;0
2021;03;14;12;0;0
2021;03;14;13;7;1
2021;03;14;14;8;1
2021;03;14;15;1;1
2021;03;14;16;8;1
2021;03;14;17;0;0
2021;03;14;18;0;0
2021;03;14;19;0;0
2021;03;14;20;0;0
2021;03;14;21;1;1
2021;03;14;22;1;1
2021;03;14;23;8;1
2021;03;15;00;7;1
2021;03;15;01;3;1
2021;03;15;02;10;1
2021;03;15;03;8;1
2021;03;15;04;3;1
2021;03;15;05;0;1
2021;03;15;06;0;0
2021;03;15;07;0;0
2021;03;15;08;0;0
2021;03;15;09;0;0
2021;03;15;10;0;1
2021;03;15;11;0;1
2021;03;15;12;16;1
2021;03;15;13;0;1
2021;03;15;14;0;1
2021;03;15;15;0;1
2021;03;15;16;0;1
2021;03;15;17;0;1
2021;03;15;18;0;0
2021;03;15;19;0;0
2021;03;15;20;0;1
2021;03;15;21;0;1
2021;03;15;22;0;1
2021;03;15;23;0;0
2021;03;16;00;0;0
2021;03;16;01;0;0
2021;03;16;02;0;0
2021;03;16;03;0;0
2021;03;16;04;0;0
2021;03;16;05;0;0
2021;03;16;06;0;0
2021;03;16;07;0;1
2021;03;16;08;3;1
2021;03;16;09;0;1
2021;03;16;10;0;1
2021;03;16;11;0;1
2021;03;16;12;0;1
2021;03;16;13;0;0
2021;03;16;14;0;0
2021;03;16;15;0;0
2021;03;16;16;0;1
2021;03;16;17;0;0
2021;03;16;18;0;0
2021;03;16;19;0;0
2021;03;16;20;0;0
2021;03;16;21;0;0
2021;03;16;22;0;0
2021;03;16;23;0;0
2021;03;17;00;0;1
2021;03;17;01;0;1
2021;03;17;02;3;1
2021;03;17;03;1;1
2021;03;17;04;3;1
2021;03;17;05;0;1
2021;03;17;06;0;1
2021;03;17;07;0;1
2021;03;17;08;0;1
2021;03;17;09;1;1
2021;03;17;10;1;1
2021;03;17;11;3;1
2021;03;17;12;0;0
2021;03;17;13;1;1
2021;03;17;14;0;1
2021;03;17;15;0;0
2021;03;17;16;0;0
2021;03;17;17;0;1
2021;03;17;18;4;1
2021;03;17;19;0;1
2021;03;17;20;0;1
2021;03;17;21;0;0
2021;03;17;22;0;0
2021;03;17;23;0;0
2021;03;18;00;0;0
2021;03;18;01;0;0
2021;03;18;02;0;0
2021;03;18;03;0;0
2021;03;18;04;0;0
2021;03;18;05;0;0
2021;03;18;06;0;0
2021;03;18;07;0;0
2021;03;18;08;0;0
2021;03;18;09;0;0
2021;03;18;10;0;0
2021;03;18;11;0;1
2021;03;18;12;0;1
2021;03;18;13;0;1
2021;03;18;14;0;1
2021;03;18;15;0;0
2021;03;18;16;0;1
2021;03;18;17;0;1
2021;03;18;18;0;0
2021;03;18;19;0;0
2021;03;18;20;0;0
2021;03;18;21;0;0
2021;03;18;22;0;0
2021;03;18;23;0;0
2021;03;19;00;0;0
2021;03;19;01;0;0
2021;03;19;02;0;0
2021;03;19;03;0;0
2021;03;19;04;0;0
2021;03;19;05;0;0
2021;03;19;06;0;0
2021;03;19;07;0;0
2021;03;19;08;0;0
2021;03;19;09;0;0
2021;03;19;10;0;0
2021;03;19;11;0;0
2021;03;19;12;0;0
2021;03;19;13;0;0
2021;03;19;14;0;1
2021;03;19;15;0;1
2021;03;19;16;0;0
2021;03;19;17;0;0
2021;03;19;18;0;0
2021;03;19;19;0;0
2021;03;19;20;0;0
2021;03;19;21;0;0
2021;03;19;22;0;0
2021;03;19;23;0;0
2021;03;20;00;0;0
2021;03;20;01;0;0
2021;03;20;02;0;0
2021;03;20;03;0;0
2021;03;20;04;0;0
2021;03;20;05;0;0
2021;03;20;06;0;0
2021;03;20;07;0;0
2021;03;20;08;0;0
2021;03;20;09;0;0
2021;03;20;10;0;0
2021;03;20;11;0;0
2021;03;20;12;0;0
2021;03;20;13;0;0
2021;03;20;14;0;0
2021;03;20;15;0;0
2021;03;20;16;0;0
2021;03;20;17;0;0
2021;03;20;18;0;0
2021;03;20;19;0;0
2021;03;20;20;0;0
2021;03;20;21;0;1
2021;03;20;22;2;1
2021;03;20;23;1;1
2021;03;21;00;0;1
2021;03;21;01;1;1
2021;03;21;02;0;1
2021;03;21;03;1;1
2021;03;21;04;3;1
2021;03;21;05;1;1
2021;03;21;06;0;1
2021;03;21;07;0;1
2021;03;21;08;0;1
2021;03;21;09;0;1
2021;03;21;10;0;0
2021;03;21;11;0;0
2021;03;21;12;0;0
2021;03;21;13;0;0
2021;03;21;14;0;0
2021;03;21;15;0;0
2021;03;21;16;0;0
2021;03;21;17;0;0
2021;03;21;18;0;0
2021;03;21;19;0;0
2021;03;21;20;0;0
2021;03;21;21;0;1
2021;03;21;22;0;1
2021;03;21;23;1;1
2021;03;22;00;0;1
2021;03;22;01;0;0
2021;03;22;02;0;0
2021;03;22;03;0;1
2021;03;22;04;0;1
2021;03;22;05;0;1
2021;03;22;06;1;1
2021;03;22;07;1;1
2021;03;22;08;0;1
2021;03;22;09;0;1
2021;03;22;10;0;1
2021;03;22;11;0;1
2021;03;22;12;0;1
2021;03;22;13;0;1
2021;03;22;14;0;0
2021;03;22;15;0;0
2021;03;22;16;0;0
2021;03;22;17;0;0
2021;03;22;18;0;0
2021;03;22;19;0;0
2021;03;22;20;0;0
2021;03;22;21;0;0
2021;03;22;22;0;0
2021;03;22;23;0;0
2021;03;23;00;0;0
2021;03;23;01;0;0
2021;03;23;02;0;0
2021;03;23;03;0;0
2021;03;23;04;0;0
2021;03;23;05;0;0
2021;03;23;06;0;0
2021;03;23;07;0;0
2021;03;23;08;0;0
2021;03;23;09;0;0
2021;03;23;10;0;0
2021;03;23;11;0;0
2021;03;23;12;0;0
2021;03;23;13;0;0
2021;03;23;14;0;0
2021;03;23;15;0;0
2021;03;23;16;0;0
2021;03;23;17;0;0
2021;03;23;18;0;0
2021;03;23;19;0;0
2021;03;23;20;0;0
2021;03;23;21;0;0
2021;03;23;22;0;0
2021;03;23;23;0;0
2021;03;24;00;0;0
2021;03;24;01;0;0
2021;03;24;02;0;0
2021;03;24;03;0;0
2021;03;24;04;0;0
2021;03;24;05;0;0
2021;03;24;06;0;0
2021;03;24;07;0;0
2021;03;24;08;0;0
2021;03;24;09;0;0
2021;03;24;10;0;0
2021;03;24;11;0;0
2021;03;24;12;0;0
2021;03;24;13;0;0
2021;03;24;14;0;0
2021;03;24;15;0;0
2021;03;24;16;0;0
2021;03;24;17;0;0
2021;03;24;18;0;0
2021;03;24;19;0;0
2021;03;24;20;0;0
2021;03;24;21;0;0
2021;03;24;22;0;0
2021;03;24;23;0;0
2021;03;25;00;0;0
2021;03;25;01;0;0
2021;03;25;02;0;0
2021;03;25;03;0;0
2021;03;25;04;0;0
2021;03;25;05;0;0
2021;03;25;06;0;0
2021;03;25;07;0;0
2021;03;25;08;0;0
2021;03;25;09;0;0
2021;03;25;10;0;0
2021;03;25;11;0;0
2021;03;25;12;0;0
2021;03;25;13;0;0
2021;03;25;14;0;0
2021;03;25;15;0;0
2021;03;25;16;0;0
2021;03;25;17;1;1
2021;03;25;18;0;1
2021;03;25;19;0;0
2021;03;25;20;0;0
2021;03;25;21;0;0
2021;03;25;22;0;0
2021;03;25;23;0;0
2021;03;26;00;0;0
2021;03;26;01;0;0
2021;03;26;02;0;0
2021;03;26;03;0;0
2021;03;26;04;0;0
2021;03;26;05;0;0
2021;03;26;06;0;0
2021;03;26;07;0;0
2021;03;26;08;0;0
2021;03;26;09;0;0
2021;03;26;10;0;0
2021;03;26;11;0;0
2021;03;26;12;0;0
2021;03;26;13;0;0
2021;03;26;14;0;0
2021;03;26;15;0;0
2021;03;26;16;0;0
2021;03;26;17;0;0
2021;03;26;18;0;0
2021;03;26;19;0;0
2021;03;26;20;0;0
2021;03;26;21;0;0
2021;03;26;22;0;0
2021;03;26;23;0;0
2021;03;27;00;0;0
2021;03;27;01;0;1
2021;03;27;02;5;1
2021;03;27;03;8;1
2021;03;27;04;2;1
2021;03;27;05;1;1
2021;03;27;06;0;0
2021;03;27;07;0;1
2021;03;27;08;8;1
2021;03;27;09;3;1
2021;03;27;10;0;0
2021;03;27;11;0;1
2021;03;27;12;6;1
2021;03;27;13;0;0
2021;03;27;14;0;1
2021;03;27;15;0;1
2021;03;27;16;0;1
2021;03;27;17;0;1
2021;03;27;18;0;0
2021;03;27;19;0;0
2021;03;27;20;0;0
2021;03;27;21;0;0
2021;03;27;22;0;0
2021;03;27;23;0;0
2021;03;28;00;0;0
2021;03;28;01;0;0
2021;03;28;02;0;0
2021;03;28;03;0;0
2021;03;28;04;0;0
2021;03;28;05;0;0
2021;03;28;06;0;0
2021;03;28;07;0;0
2021;03;28;08;0;0
2021;03;28;09;0;0
2021;03;28;10;0;0
2021;03;28;11;0;0
2021;03;28;12;0;0
2021;03;28;13;0;1
2021;03;28;14;0;1
2021;03;28;15;0;1
2021;03;28;16;0;1
2021;03;28;17;0;1
2021;03;28;18;0;0
2021;03;28;19;0;0
2021;03;28;20;0;0
2021;03;28;21;0;0
2021;03;28;22;0;0
2021;03;28;23;0;0
2021;03;29;00;0;0
2021;03;29;01;0;0
2021;03;29;02;0;0
2021;03;29;03;0;0
2021;03;29;04;0;0
2021;03;29;05;0;0
2021;03;29;06;0;0
2021;03;29;07;0;0
2021;03;29;08;0;0
2021;03;29;09;0;0
2021;03;29;10;0;0
2021;03;29;11;0;0
2021;03;29;12;0;0
2021;03;29;13;0;0
2021;03;29;14;0;0
2021;03;29;15;0;0
2021;03;29;16;0;0
2021;03;29;17;0;0
2021;03;29;18;0;0
2021;03;29;19;0;0
2021;03;29;20;0;0
2021;03;29;21;0;0
2021;03;29;22;0;0
2021;03;29;23;0;0
2021;03;30;00;0;0
2021;03;30;01;0;0
2021;03;30;02;0;0
2021;03;30;03;0;0
2021;03;30;04;0;0
2021;03;30;05;0;0
2021;03;30;06;0;0
2021;03;30;07;0;0
2021;03;30;08;0;0
2021;03;30;09;0;0
2021;03;30;10;0;0
2021;03;30;11;0;0
2021;03;30;12;0;0
2021;03;30;13;0;0
2021;03;30;14;0;0
2021;03;30;15;0;0
2021;03;30;16;0;0
2021;03;30;17;0;0
2021;03;30;18;0;0
2021;03;30;19;0;0
2021;03;30;20;0;0
2021;03;30;21;0;0
2021;03;30;22;0;0
2021;03;30;23;0;0
2021;03;31;00;0;0
2021;03;31;01;0;0
2021;03;31;02;0;0
2021;03;31;03;0;0
2021;03;31;04;0;0
2021;03;31;05;0;0
2021;03;31;06;0;0
2021;03;31;07;0;0
2021;03;31;08;0;0
2021;03;31;09;0;0
2021;03;31;10;0;0
2021;03;31;11;0;0
2021;03;31;12;0;0
2021;03;31;13;0;0
2021;03;31;14;0;0
2021;03;31;15;0;0
2021;03;31;16;0;0
2021;03;31;17;0;0
2021;03;31;18;0;0
2021;03;31;19;0;0
2021;03;31;20;0;0
2021;03;31;21;0;0
2021;03;31;22;0;0
2021;03;31;23;0;0
2021;04;01;00;0;0
2021;04;01;01;0;0
2021;04;01;02;0;0
2021;04;01;03;0;0
2021;04;01;04;0;0
2021;04;01;05;0;0
2021;04;01;06;0;0
2021;04;01;07;0;0
2021;04;01;08;0;0
2021;04;01;09;0;0
2021;04;01;10;0;0
2021;04;01;11;0;0
2021;04;01;12;0;0
2021;04;01;13;0;0
2021;04;01;14;0;0
2021;04;01;15;0;0
2021;04;01;16;0;0
2021;04;01;17;0;0
2021;04;01;18;0;0
2021;04;01;19;0;0
2021;04;01;20;0;0
2021;04;01;21;0;0
2021;04;01;22;0;0
2021;04;01;23;0;0
2021;04;02;00;0;0
2021;04;02;01;0;0
2021;04;02;02;0;0
2021;04;02;03;0;0
2021;04;02;04;0;0
2021;04;02;05;0;0
2021;04;02;06;0;0
2021;04;02;07;0;0
2021;04;02;08;0;0
2021;04;02;09;0;0
2021;04;02;10;0;0
2021;04;02;11;0;0
2021;04;02;12;0;0
2021;04;02;13;0;0
2021;04;02;14;0;0
2021;04;02;15;0;0
2021;04;02;16;0;0
2021;04;02;17;0;0
2021;04;02;18;0;0
2021;04;02;19;0;1
2021;04;02;20;0;1
2021;04;02;21;0;1
2021;04;02;22;0;1
2021;04;02;23;3;1
2021;04;03;00;0;0
2021;04;03;01;0;0
2021;04;03;02;0;0
2021;04;03;03;0;0
2021;04;03;04;0;0
2021;04;03;05;0;0
2021;04;03;06;0;0
2021;04;03;07;0;0
2021;04;03;08;0;0
2021;04;03;09;0;0
2021;04;03;10;0;0
2021;04;03;11;0;0
2021;04;03;12;0;0
2021;04;03;13;0;0
2021;04;03;14;0;0
2021;04;03;15;0;0
2021;04;03;16;0;0
2021;04;03;17;0;0
2021;04;03;18;0;0
2021;04;03;19;0;0
2021;04;03;20;0;0
2021;04;03;21;0;0
2021;04;03;22;0;0
2021;04;03;23;0;0
2021;04;04;00;0;0
2021;04;04;01;0;0
2021;04;04;02;0;0
2021;04;04;03;0;0
2021;04;04;04;0;0
2021;04;04;05;0;0
2021;04;04;06;0;1
2021;04;04;07;0;1
2021;04;04;08;0;1
2021;04;04;09;0;1
2021;04;04;10;0;1
2021;04;04;11;0;1
2021;04;04;12;0;0
2021;04;04;13;0;0
2021;04;04;14;0;0
2021;04;04;15;0;0
2021;04;04;16;0;0
2021;04;04;17;0;0
2021;04;04;18;0;0
2021;04;04;19;0;0
2021;04;04;20;0;0
2021;04;04;21;0;0
2021;04;04;22;0;0
2021;04;04;23;0;0
2021;04;05;00;0;0
2021;04;05;01;0;0
2021;04;05;02;0;0
2021;04;05;03;0;0
2021;04;05;04;0;0
2021;04;05;05;0;1
2021;04;05;06;0;1
2021;04;05;07;3;1
2021;04;05;08;3;1
2021;04;05;10;3;1
2021;04;05;11;3;1
2021;04;05;13;3;1
2021;04;05;14;3;1
2021;04;05;16;3;1
2021;04;05;17;3;1
2021;04;05;19;3;1
2021;04;05;20;3;1
2021;04;05;22;3;1
2021;04;05;23;3;1
2021;04;06;01;0;0
2021;04;06;02;0;0
2021;04;06;04;0;0
2021;04;06;05;0;0
2021;04;06;06;0;0
2021;04;06;07;0;0
2021;04;06;08;0;0
2021;04;06;09;0;1
2021;04;06;10;0;1
2021;04;06;11;3;1
2021;04;06;12;0;1
2021;04;06;13;0;1
2021;04;06;14;0;0
2021;04;06;15;6;1
2021;04;06;16;6;1
2021;04;06;17;0;1
2021;04;06;18;0;1
2021;04;06;19;0;1
2021;04;06;20;2;1
2021;04;06;21;2;1
2021;04;06;22;9;1
2021;04;06;23;0;0
2021;04;07;00;0;0
2021;04;07;01;0;0
2021;04;07;02;0;0
2021;04;07;03;0;0
2021;04;07;04;0;0
2021;04;07;05;0;0
2021;04;07;06;2;1
2021;04;07;07;2;1
2021;04;07;08;0;1
2021;04;07;09;0;1
2021;04;07;10;0;1
2021;04;07;11;2;1
2021;04;07;12;6;1
2021;04;07;13;3;1
2021;04;07;14;6;1
2021;04;07;15;0;1
2021;04;07;16;1;1
2021;04;07;17;0;1
2021;04;07;18;0;1
2021;04;07;19;0;1
2021;04;07;20;0;1
2021;04;07;21;0;0
2021;04;07;22;0;1
2021;04;07;23;0;0
2021;04;08;00;0;0
2021;04;08;01;0;0
2021;04;08;02;0;0
2021;04;08;03;0;0
2021;04;08;04;0;0
2021;04;08;05;0;0
2021;04;08;06;0;0
2021;04;08;07;0;0
2021;04;08;08;0;0
2021;04;08;09;0;0
2021;04;08;10;0;0
2021;04;08;11;0;0
2021;04;08;12;0;0
2021;04;08;13;0;0
2021;04;08;14;0;0
2021;04;08;15;0;0
2021;04;08;16;0;0
2021;04;08;17;0;0
2021;04;08;18;0;0
2021;04;08;19;0;0
2021;04;08;20;0;0
2021;04;08;21;0;0
2021;04;08;22;0;0
2021;04;08;23;0;0
2021;04;09;00;0;0
2021;04;09;01;0;0
2021;04;09;02;0;0
2021;04;09;03;0;0
2021;04;09;04;0;0
2021;04;09;05;0;0
2021;04;09;06;0;0
2021;04;09;07;0;0
2021;04;09;08;0;0
2021;04;09;09;0;0
2021;04;09;10;0;0
2021;04;09;11;0;0
2021;04;09;12;0;0
2021;04;09;13;0;0
2021;04;09;14;0;0
2021;04;09;15;0;0
2021;04;09;16;0;0
2021;04;09;17;0;0
2021;04;09;18;0;0
2021;04;09;19;0;0
2021;04;09;20;0;0
2021;04;09;21;0;1
2021;04;09;22;0;0
2021;04;09;23;0;0
2021;04;10;00;0;0
2021;04;10;01;0;1
2021;04;10;02;3;1
2021;04;10;03;0;1
2021;04;10;04;0;1
2021;04;10;05;0;1
2021;04;10;06;0;1
2021;04;10;07;0;1
2021;04;10;08;0;1
2021;04;10;09;0;1
2021;04;10;10;1;1
2021;04;10;11;2;1
2021;04;10;12;0;1
2021;04;10;13;2;1
2021;04;10;14;1;1
2021;04;10;15;3;1
2021;04;10;16;8;1
2021;04;10;17;7;1
2021;04;10;18;16;1
2021;04;10;19;22;1
2021;04;10;20;9;1
2021;04;10;21;2;1
2021;04;10;22;2;1
2021;04;10;23;6;1
2021;04;11;00;3;1
2021;04;11;01;8;1
2021;04;11;02;0;1
2021;04;11;03;2;1
2021;04;11;04;5;1
2021;04;11;05;19;1
2021;04;11;06;9;1
2021;04;11;07;0;1
2021;04;11;08;1;1
2021;04;11;09;8;1
2021;04;11;10;0;1
2021;04;11;11;0;1
2021;04;11;12;0;1
2021;04;11;13;0;1
2021;04;11;14;0;0
2021;04;11;15;0;0
2021;04;11;16;0;0
2021;04;11;17;0;1
2021;04;11;18;0;0
2021;04;11;19;0;0
2021;04;11;20;0;0
2021;04;11;21;0;0
2021;04;11;22;0;0
2021;04;11;23;0;0
2021;04;12;00;0;0
2021;04;12;01;0;0
2021;04;12;02;0;0
2021;04;12;03;0;0
2021;04;12;04;0;0
2021;04;12;05;0;0
2021;04;12;06;0;0
2021;04;12;07;0;0
2021;04;12;08;0;0
2021;04;12;09;0;0
2021;04;12;10;0;0
2021;04;12;11;0;0
2021;04;12;12;0;1
2021;04;12;13;0;1
2021;04;12;14;1;1
2021;04;12;15;1;1
2021;04;12;16;1;1
2021;04;12;17;0;1
2021;04;12;18;7;1
2021;04;12;19;0;0
2021;04;12;20;0;0
2021;04;12;21;0;0
2021;04;12;22;0;0
2021;04;12;23;0;0
2021;04;13;00;0;0
2021;04;13;01;0;0
2021;04;13;02;0;0
2021;04;13;03;0;0
2021;04;13;04;0;0
2021;04;13;05;0;0
2021;04;13;06;0;0
2021;04;13;07;0;0
2021;04;13;08;0;0
2021;04;13;09;0;0
2021;04;13;10;0;0
2021;04;13;11;0;0
2021;04;13;12;0;0
2021;04;13;13;0;1
2021;04;13;14;0;1
2021;04;13;15;2;1
2021;04;13;16;0;0
2021;04;13;17;0;0
2021;04;13;18;4;1
2021;04;13;19;0;1
2021;04;13;20;0;0
2021;04;13;21;0;0
2021;04;13;22;0;0
2021;04;13;23;0;0
2021;04;14;00;0;0
2021;04;14;01;0;0
2021;04;14;02;0;0
2021;04;14;03;0;0
2021;04;14;04;0;0
2021;04;14;05;0;0
2021;04;14;06;0;0
2021;04;14;07;0;0
2021;04;14;08;0;0
2021;04;14;09;0;0
2021;04;14;10;0;0
2021;04;14;11;0;1
2021;04;14;12;0;1
2021;04;14;13;1;1
2021;04;14;14;0;0
2021;04;14;15;0;0
2021;04;14;16;0;1
2021;04;14;17;0;1
2021;04;14;18;0;0
2021;04;14;19;0;0
2021;04;14;20;0;0
2021;04;14;21;0;0
2021;04;14;22;0;0
2021;04;14;23;0;0
2021;04;15;00;0;0
2021;04;15;01;0;0
2021;04;15;02;0;0
2021;04;15;03;0;0
2021;04;15;04;0;0
2021;04;15;05;0;0
2021;04;15;06;0;0
2021;04;15;07;0;0
2021;04;15;08;0;0
2021;04;15;09;0;0
2021;04;15;10;0;0
2021;04;15;11;0;0
2021;04;15;12;0;0
2021;04;15;13;0;0
2021;04;15;14;0;0
2021;04;15;15;0;0
2021;04;15;16;0;0
2021;04;15;17;0;0
2021;04;15;18;0;0
2021;04;15;19;0;0
2021;04;15;20;0;0
2021;04;15;21;0;0
2021;04;15;22;0;0
2021;04;15;23;0;0
2021;04;16;00;0;0
2021;04;16;01;0;0
2021;04;16;02;0;0
2021;04;16;03;0;0
2021;04;16;04;0;0
2021;04;16;05;0;0
2021;04;16;06;0;0
2021;04;16;07;0;0
2021;04;16;08;0;0
2021;04;16;09;0;0
2021;04;16;10;0;0
2021;04;16;11;0;0
2021;04;16;12;0;0
2021;04;16;13;0;0
2021;04;16;14;0;0
2021;04;16;15;0;0
2021;04;16;16;0;0
2021;04;16;17;0;0
2021;04;16;18;0;0
2021;04;16;19;0;0
2021;04;16;20;0;0
2021;04;16;21;0;0
2021;04;16;22;0;0
2021;04;16;23;0;0
2021;04;17;00;0;0
2021;04;17;01;0;0
2021;04;17;02;0;0
2021;04;17;03;0;0
2021;04;17;04;0;0
2021;04;17;05;0;0
2021;04;17;06;0;0
2021;04;17;07;0;0
2021;04;17;08;0;0
2021;04;17;09;0;0
2021;04;17;10;0;0
2021;04;17;11;0;0
2021;04;17;12;0;1
2021;04;17;13;0;0
2021;04;17;14;0;0
2021;04;17;15;0;0
2021;04;17;16;0;0
2021;04;17;17;0;0
2021;04;17;18;0;0
2021;04;17;19;0;0
2021;04;17;20;0;0
2021;04;17;21;0;0
2021;04;17;22;0;0
2021;04;17;23;0;0
2021;04;18;00;0;0
2021;04;18;01;0;0
2021;04;18;02;0;0
2021;04;18;03;0;0
2021;04;18;04;0;0
2021;04;18;05;0;0
2021;04;18;06;0;1
2021;04;18;07;0;1
2021;04;18;08;0;0
2021;04;18;09;0;0
2021;04;18;10;0;0
2021;04;18;11;0;0
2021;04;18;12;0;0
2021;04;18;13;0;0
2021;04;18;14;0;0
2021;04;18;15;0;0
2021;04;18;16;0;0
2021;04;18;17;0;0
2021;04;18;18;0;0
2021;04;18;19;0;0
2021;04;18;20;0;0
2021;04;18;21;1;1
2021;04;18;22;0;0
2021;04;18;23;0;1
2021;04;19;00;0;1
2021;04;19;01;14;1
2021;04;19;02;9;1
2021;04;19;03;0;1
2021;04;19;04;0;0
2021;04;19;05;0;0
2021;04;19;06;0;0
2021;04;19;07;0;0
2021;04;19;08;0;0
2021;04;19;09;0;0
2021;04;19;10;0;0
2021;04;19;11;0;0
2021;04;19;12;0;0
2021;04;19;13;0;0
2021;04;19;14;0;0
2021;04;19;15;0;0
2021;04;19;16;0;0
2021;04;19;17;0;0
2021;04;19;18;0;0
2021;04;19;19;0;0
2021;04;19;20;0;0
2021;04;19;21;0;0
2021;04;19;22;0;0
2021;04;19;23;0;0
2021;04;20;00;0;0
2021;04;20;01;0;0
2021;04;20;02;0;0
2021;04;20;03;0;0
2021;04;20;04;0;0
2021;04;20;05;0;0
2021;04;20;06;0;0
2021;04;20;07;0;0
2021;04;20;08;0;0
2021;04;20;09;0;0
2021;04;20;10;0;0
2021;04;20;11;0;0
2021;04;20;12;0;0
2021;04;20;13;0;0
2021;04;20;14;0;0
2021;04;20;15;0;0
2021;04;20;16;0;0
2021;04;20;17;0;0
2021;04;20;18;0;0
2021;04;20;19;0;0
2021;04;20;20;0;0
2021;04;20;21;0;0
2021;04;20;22;0;0
2021;04;20;23;0;0
2021;04;21;00;0;0
2021;04;21;01;0;0
2021;04;21;02;0;0
2021;04;21;03;0;0
2021;04;21;04;0;0
2021;04;21;05;0;0
2021;04;21;06;0;0
2021;04;21;07;0;0
2021;04;21;08;0;0
2021;04;21;09;0;0
2021;04;21;10;0;0
2021;04;21;11;0;0
2021;04;21;12;0;0
2021;04;21;13;0;0
2021;04;21;14;0;0
2021;04;21;15;0;0
2021;04;21;16;0;0
2021;04;21;17;0;0
2021;04;21;18;0;0
2021;04;21;19;0;0
2021;04;21;20;0;0
2021;04;21;21;0;0
2021;04;21;22;0;0
2021;04;21;23;0;0
2021;04;22;00;0;0
2021;04;22;01;0;0
2021;04;22;02;0;0
2021;04;22;03;0;0
2021;04;22;04;0;0
2021;04;22;05;0;0
2021;04;22;06;0;0
2021;04;22;07;0;0
2021;04;22;08;0;0
2021;04;22;09;0;0
2021;04;22;10;0;0
2021;04;22;11;0;0
2021;04;22;12;0;0
2021;04;22;13;0;0
2021;04;22;14;0;0
2021;04;22;15;0;0
2021;04;22;16;0;0
2021;04;22;17;0;0
2021;04;22;18;0;0
2021;04;22;19;0;0
2021;04;22;20;0;0
2021;04;22;21;0;0
2021;04;22;22;0;0
2021;04;22;23;0;0
2021;04;23;00;0;0
2021;04;23;01;0;0
2021;04;23;02;0;0
2021;04;23;03;0;0
2021;04;23;04;0;0
2021;04;23;05;0;0
2021;04;23;06;0;0
2021;04;23;07;0;0
2021;04;23;08;0;0
2021;04;23;09;0;0
2021;04;23;10;0;0
2021;04;23;11;0;0
2021;04;23;12;0;0
2021;04;23;13;0;0
2021;04;23;14;0;0
2021;04;23;15;0;0
2021;04;23;16;0;0
2021;04;23;17;0;0
2021;04;23;18;0;0
2021;04;23;19;0;0
2021;04;23;20;0;0
2021;04;23;21;0;0
2021;04;23;22;0;0
2021;04;23;23;0;0
2021;04;24;00;0;0
2021;04;24;01;0;0
2021;04;24;02;0;0
2021;04;24;03;0;0
2021;04;24;04;0;0
2021;04;24;05;0;0
2021;04;24;06;0;0
2021;04;24;07;0;0
2021;04;24;08;0;0
2021;04;24;09;0;0
2021;04;24;10;0;0
2021;04;24;11;0;0
2021;04;24;12;0;0
2021;04;24;13;0;0
2021;04;24;14;0;0
2021;04;24;15;0;0
2021;04;24;16;0;0
2021;04;24;17;0;0
2021;04;24;18;0;0
2021;04;24;19;0;0
2021;04;24;20;0;0
2021;04;24;21;0;0
2021;04;24;22;0;0
2021;04;24;23;0;0
2021;04;25;00;0;0
2021;04;25;01;0;0
2021;04;25;02;0;0
2021;04;25;03;0;0
2021;04;25;04;0;0
2021;04;25;05;0;0
2021;04;25;06;0;0
2021;04;25;07;0;0
2021;04;25;08;0;0
2021;04;25;09;0;0
2021;04;25;10;0;0
2021;04;25;11;0;0
2021;04;25;12;0;0
2021;04;25;13;0;0
2021;04;25;14;0;0
2021;04;25;15;0;0
2021;04;25;16;0;0
2021;04;25;17;0;0
2021;04;25;18;0;0
2021;04;25;19;0;0
2021;04;25;20;0;0
2021;04;25;21;0;0
2021;04;25;22;0;0
2021;04;25;23;0;0
2021;04;26;00;0;0
2021;04;26;01;0;0
2021;04;26;02;0;0
2021;04;26;03;0;0
2021;04;26;04;0;0
2021;04;26;05;0;0
2021;04;26;06;0;0
2021;04;26;07;0;0
2021;04;26;08;0;0
2021;04;26;09;0;0
2021;04;26;10;0;0
2021;04;26;11;0;0
2021;04;26;12;0;0
2021;04;26;13;0;0
2021;04;26;14;0;0
2021;04;26;15;0;0
2021;04;26;16;0;0
2021;04;26;17;0;0
2021;04;26;18;0;0
2021;04;26;19;0;0
2021;04;26;20;0;0
2021;04;26;21;0;0
2021;04;26;22;0;0
2021;04;26;23;0;0
2021;04;27;00;0;0
2021;04;27;01;0;0
2021;04;27;02;0;0
2021;04;27;03;0;0
2021;04;27;04;0;0
2021;04;27;05;0;0
2021;04;27;06;0;0
2021;04;27;07;0;0
2021;04;27;08;0;0
2021;04;27;09;0;0
2021;04;27;10;0;0
2021;04;27;11;0;0
2021;04;27;12;0;0
2021;04;27;13;0;0
2021;04;27;14;0;0
2021;04;27;15;0;0
2021;04;27;16;0;0
2021;04;27;17;0;0
2021;04;27;18;0;0
2021;04;27;19;0;0
2021;04;27;20;0;0
2021;04;27;21;0;0
2021;04;27;22;0;0
2021;04;27;23;0;0
2021;04;28;00;0;0
2021;04;28;01;0;0
2021;04;28;02;0;0
2021;04;28;03;0;0
2021;04;28;04;0;0
2021;04;28;05;0;0
2021;04;28;06;0;0
2021;04;28;07;0;0
2021;04;28;08;0;0
2021;04;28;09;0;0
2021;04;28;10;0;0
2021;04;28;11;0;0
2021;04;28;12;0;0
2021;04;28;13;0;0
2021;04;28;14;0;0
2021;04;28;15;0;0
2021;04;28;16;0;0
2021;04;28;17;0;0
2021;04;28;18;0;0
2021;04;28;19;0;0
2021;04;28;20;0;0
2021;04;28;21;0;0
2021;04;28;22;0;0
2021;04;28;23;0;0
2021;04;29;00;0;0
2021;04;29;01;0;0
2021;04;29;02;0;0
2021;04;29;03;0;0
2021;04;29;04;0;0
2021;04;29;05;0;1
2021;04;29;06;0;1
2021;04;29;07;0;1
2021;04;29;08;0;1
2021;04;29;09;0;0
2021;04;29;10;0;0
2021;04;29;11;0;0
2021;04;29;12;0;0
2021;04;29;13;0;0
2021;04;29;14;0;0
2021;04;29;15;0;1
2021;04;29;16;13;1
2021;04;29;17;0;0
2021;04;29;18;0;0
2021;04;29;19;0;1
2021;04;29;20;0;1
2021;04;29;21;0;1
2021;04;29;22;0;1
2021;04;29;23;0;1
2021;04;30;00;0;1
2021;04;30;01;0;1
2021;04;30;02;0;0
2021;04;30;03;0;0
2021;04;30;04;0;0
2021;04;30;05;0;0
2021;04;30;06;0;1
2021;04;30;07;0;1
2021;04;30;08;0;0
2021;04;30;09;0;0
2021;04;30;10;0;0
2021;04;30;11;0;0
2021;04;30;12;0;1
2021;04;30;13;0;1
2021;04;30;14;0;0
2021;04;30;15;0;1
2021;04;30;16;0;1
2021;04;30;17;0;0
2021;04;30;18;0;0
2021;04;30;19;0;0
2021;04;30;20;0;0
2021;04;30;21;0;0
2021;04;30;22;0;0
2021;04;30;23;0;0
2021;05;01;00;0;0
2021;05;01;01;0;0
2021;05;01;02;0;0
2021;05;01;03;0;0
2021;05;01;04;0;1
2021;05;01;05;0;1
2021;05;01;06;0;0
2021;05;01;07;0;0
2021;05;01;08;0;0
2021;05;01;09;0;0
2021;05;01;10;0;0
2021;05;01;11;0;0
2021;05;01;12;0;0
2021;05;01;13;0;0
2021;05;01;14;0;0
2021;05;01;15;0;0
2021;05;01;16;0;0
2021;05;01;17;0;0
2021;05;01;18;0;0
2021;05;01;19;0;0
2021;05;01;20;0;0
2021;05;01;21;0;0
2021;05;01;22;0;0
2021;05;01;23;0;0
2021;05;02;00;0;0
2021;05;02;01;0;0
2021;05;02;02;0;0
2021;05;02;03;0;0
2021;05;02;04;0;0
2021;05;02;05;0;0
2021;05;02;06;1;1
2021;05;02;07;0;1
2021;05;02;08;0;0
2021;05;02;09;0;0
2021;05;02;10;0;0
2021;05;02;11;0;1
2021;05;02;12;0;1
2021;05;02;13;0;1
2021;05;02;14;0;1
2021;05;02;15;0;0
2021;05;02;16;0;0
2021;05;02;17;0;0
2021;05;02;18;0;1
2021;05;02;19;0;0
2021;05;02;20;0;0
2021;05;02;21;0;0
2021;05;02;22;0;0
2021;05;02;23;0;0
2021;05;03;00;0;0
2021;05;03;01;0;0
2021;05;03;02;0;0
2021;05;03;03;0;0
2021;05;03;04;0;0
2021;05;03;05;0;0
2021;05;03;06;0;0
2021;05;03;07;0;0
2021;05;03;08;0;0
2021;05;03;09;0;0
2021;05;03;10;0;0
2021;05;03;11;0;0
2021;05;03;12;0;0
2021;05;03;13;0;1
2021;05;03;14;1;1
2021;05;03;15;0;0
2021;05;03;16;0;0
2021;05;03;17;0;0
2021;05;03;18;0;0
2021;05;03;19;0;0
2021;05;03;20;0;0
2021;05;03;21;0;0
2021;05;03;22;0;0
2021;05;03;23;0;0
2021;05;04;00;0;0
2021;05;04;01;0;0
2021;05;04;02;0;1
2021;05;04;03;0;1
2021;05;04;04;7;1
2021;05;04;05;3;1
2021;05;04;06;0;1
2021;05;04;07;1;1
2021;05;04;08;5;1
2021;05;04;09;10;1
2021;05;04;10;15;1
2021;05;04;11;4;1
2021;05;04;12;5;1
2021;05;04;13;7;1
2021;05;04;14;0;0
2021;05;04;15;0;1
2021;05;04;16;2;1
2021;05;04;17;1;1
2021;05;04;18;0;1
2021;05;04;19;0;0
2021;05;04;20;0;1
2021;05;04;21;0;0
2021;05;04;22;0;0
2021;05;04;23;0;0
2021;05;05;00;0;1
2021;05;05;01;0;1
2021;05;05;02;0;1
2021;05;05;03;0;1
2021;05;05;04;0;1
2021;05;05;05;0;0
2021;05;05;06;0;0
2021;05;05;07;0;0
2021;05;05;08;0;0
2021;05;05;09;0;1
2021;05;05;10;1;1
2021;05;05;11;11;1
2021;05;05;12;3;1
2021;05;05;13;0;1
2021;05;05;14;0;1
2021;05;05;15;0;1
2021;05;05;16;0;0
2021;05;05;17;0;1
2021;05;05;18;0;0
2021;05;05;19;0;0
2021;05;05;20;0;0
2021;05;05;21;0;0
2021;05;05;22;0;0
2021;05;05;23;0;0
2021;05;06;00;0;0
2021;05;06;01;0;0
2021;05;06;02;0;1
2021;05;06;03;3;1
2021;05;06;04;14;1
2021;05;06;05;27;1
2021;05;06;06;2;1
2021;05;06;07;0;0
2021;05;06;08;0;0
2021;05;06;09;0;0
2021;05;06;10;0;0
2021;05;06;11;0;0
2021;05;06;12;0;0
2021;05;06;13;0;0
2021;05;06;14;0;0
2021;05;06;15;0;0
2021;05;06;16;0;0
2021;05;06;17;0;0
2021;05;06;18;0;0
2021;05;06;19;1;1
2021;05;06;20;1;1
2021;05;06;21;0;0
2021;05;06;22;0;1
2021;05;06;23;18;1
2021;05;07;00;4;1
2021;05;07;01;0;0
2021;05;07;02;0;1
2021;05;07;03;0;0
2021;05;07;04;0;0
2021;05;07;05;0;0
2021;05;07;06;0;0
2021;05;07;07;0;0
2021;05;07;08;0;0
2021;05;07;09;0;1
2021;05;07;10;0;0
2021;05;07;11;0;1
2021;05;07;12;0;0
2021;05;07;13;0;1
2021;05;07;14;0;1
2021;05;07;15;0;0
2021;05;07;16;0;0
2021;05;07;17;0;0
2021;05;07;18;0;0
2021;05;07;19;0;0
2021;05;07;20;0;0
2021;05;07;21;0;0
2021;05;07;22;0;0
2021;05;07;23;0;0
2021;05;08;00;0;0
2021;05;08;01;0;0
2021;05;08;02;0;0
2021;05;08;03;0;0
2021;05;08;04;0;0
2021;05;08;05;0;0
2021;05;08;06;0;0
2021;05;08;07;0;0
2021;05;08;08;0;0
2021;05;08;09;0;0
2021;05;08;10;0;0
2021;05;08;11;0;0
2021;05;08;12;0;0
2021;05;08;13;0;0
2021;05;08;14;0;1
2021;05;08;15;2;1
2021;05;08;16;2;1
2021;05;08;17;0;1
2021;05;08;18;0;1
2021;05;08;19;0;0
2021;05;08;20;0;0
2021;05;08;21;0;0
2021;05;08;22;0;0
2021;05;08;23;0;0
2021;05;09;00;0;0
2021;05;09;01;0;0
2021;05;09;02;0;0
2021;05;09;03;0;0
2021;05;09;04;0;0
2021;05;09;05;0;0
2021;05;09;06;0;0
2021;05;09;07;0;0
2021;05;09;08;0;0
2021;05;09;09;0;0
2021;05;09;10;0;0
2021;05;09;11;0;0
2021;05;09;12;0;0
2021;05;09;13;0;0
2021;05;09;14;0;0
2021;05;09;15;0;0
2021;05;09;16;0;0
2021;05;09;17;0;0
2021;05;09;18;0;0
2021;05;09;19;0;0
2021;05;09;20;0;0
2021;05;09;21;0;0
2021;05;09;22;0;0
2021;05;09;23;0;0
2021;05;10;00;0;0
2021;05;10;01;0;0
2021;05;10;02;0;0
2021;05;10;03;0;1
2021;05;10;04;0;1
2021;05;10;05;0;1
2021;05;10;06;0;0
2021;05;10;07;0;1
2021;05;10;08;0;1
2021;05;10;09;0;0
2021;05;10;10;0;0
2021;05;10;11;0;0
2021;05;10;12;0;0
2021;05;10;13;0;0
2021;05;10;14;0;0
2021;05;10;15;0;0
2021;05;10;16;0;0
2021;05;10;17;0;0
2021;05;10;18;0;0
2021;05;10;19;0;0
2021;05;10;20;0;0
2021;05;10;21;0;0
2021;05;10;22;0;1
2021;05;10;23;5;1
2021;05;11;00;0;1
2021;05;11;01;3;1
2021;05;11;02;11;1
2021;05;11;03;6;1
2021;05;11;04;7;1
2021;05;11;05;2;1
2021;05;11;06;0;1
2021;05;11;07;0;1
2021;05;11;08;4;1
2021;05;11;09;1;1
2021;05;11;10;0;0
2021;05;11;11;0;0
2021;05;11;12;1;1
2021;05;11;13;3;1
2021;05;11;14;5;1
2021;05;11;15;1;1
2021;05;11;16;1;1
2021;05;11;17;0;1
2021;05;11;18;0;1
2021;05;11;19;0;0
2021;05;11;20;0;1
2021;05;11;21;0;0
2021;05;11;22;0;1
2021;05;11;23;1;1
2021;05;12;00;1;1
2021;05;12;01;1;1
2021;05;12;02;0;0
2021;05;12;03;0;0
2021;05;12;04;0;0
2021;05;12;05;0;0
2021;05;12;06;0;0
2021;05;12;07;0;0
2021;05;12;08;0;0
2021;05;12;09;0;0
2021;05;12;10;0;0
2021;05;12;11;0;0
2021;05;12;12;0;0
2021;05;12;13;0;0
2021;05;12;14;0;0
2021;05;12;15;0;0
2021;05;12;16;0;0
2021;05;12;17;0;0
2021;05;12;18;0;0
2021;05;12;19;0;0
2021;05;12;20;0;0
2021;05;12;21;0;0
2021;05;12;22;0;0
2021;05;12;23;0;0
2021;05;13;00;0;0
2021;05;13;01;0;0
2021;05;13;02;0;0
2021;05;13;03;0;0
2021;05;13;04;0;0
2021;05;13;05;0;0
2021;05;13;06;0;0
2021;05;13;07;0;0
2021;05;13;08;0;0
2021;05;13;09;0;0
2021;05;13;10;0;0
2021;05;13;11;0;0
2021;05;13;12;0;1
2021;05;13;13;0;1
2021;05;13;14;0;0
2021;05;13;15;1;1
2021;05;13;16;0;0
2021;05;13;17;0;0
2021;05;13;18;0;0
2021;05;13;19;0;0
2021;05;13;20;0;0
2021;05;13;21;0;0
2021;05;13;22;0;0
2021;05;13;23;0;0
2021;05;14;00;0;0
2021;05;14;01;0;0
2021;05;14;02;0;0
2021;05;14;03;0;0
2021;05;14;04;0;0
2021;05;14;05;0;0
2021;05;14;06;0;1
2021;05;14;07;0;1
2021;05;14;08;1;1
2021;05;14;09;5;1
2021;05;14;10;7;1
2021;05;14;11;0;1
2021;05;14;12;0;1
2021;05;14;13;0;0
2021;05;14;14;0;0
2021;05;14;15;0;0
2021;05;14;16;0;0
2021;05;14;17;0;0
2021;05;14;18;0;0
2021;05;14;19;0;0
2021;05;14;20;0;0
2021;05;14;21;0;0
2021;05;14;22;0;0
2021;05;14;23;0;0
2021;05;15;00;0;0
2021;05;15;01;0;0
2021;05;15;02;0;0
2021;05;15;03;0;0
2021;05;15;04;0;0
2021;05;15;05;0;0
2021;05;15;06;0;0
2021;05;15;07;0;0
2021;05;15;08;0;0
2021;05;15;09;2;1
2021;05;15;10;15;1
2021;05;15;11;7;1
2021;05;15;12;5;1
2021;05;15;13;3;1
2021;05;15;14;0;1
2021;05;15;15;9;1
2021;05;15;16;0;0
2021;05;15;17;1;1
2021;05;15;18;17;1
2021;05;15;19;0;1
2021;05;15;20;0;0
2021;05;15;21;0;0
2021;05;15;22;0;1
2021;05;15;23;10;1
2021;05;16;00;0;0
2021;05;16;01;0;0
2021;05;16;02;0;0
2021;05;16;03;9;1
2021;05;16;04;0;1
2021;05;16;05;1;1
2021;05;16;06;2;1
2021;05;16;07;0;0
2021;05;16;08;0;0
2021;05;16;09;0;0
2021;05;16;10;0;0
2021;05;16;11;0;0
2021;05;16;12;0;1
2021;05;16;13;0;0
2021;05;16;14;0;1
2021;05;16;15;0;0
2021;05;16;16;0;0
2021;05;16;17;0;1
2021;05;16;18;0;0
2021;05;16;19;0;0
2021;05;16;20;0;1
2021;05;16;21;0;1
2021;05;16;22;1;1
2021;05;16;23;0;0
2021;05;17;00;0;0
2021;05;17;01;0;0
2021;05;17;02;0;0
2021;05;17;03;0;1
2021;05;17;04;9;1
2021;05;17;05;16;1
2021;05;17;06;6;1
2021;05;17;07;0;1
2021;05;17;08;4;1
2021;05;17;09;3;1
2021;05;17;10;3;1
2021;05;17;11;0;1
2021;05;17;12;0;1
2021;05;17;13;0;1
2021;05;17;14;1;1
2021;05;17;15;0;1
2021;05;17;16;0;0
2021;05;17;17;0;1
2021;05;17;18;4;1
2021;05;17;19;4;1
2021;05;17;20;0;1
2021;05;17;21;0;1
2021;05;17;22;0;0
2021;05;17;23;0;0
2021;05;18;00;0;0
2021;05;18;01;0;0
2021;05;18;02;0;0
2021;05;18;03;0;0
2021;05;18;04;0;0
2021;05;18;05;0;0
2021;05;18;06;0;0
2021;05;18;07;0;0
2021;05;18;08;0;1
2021;05;18;09;0;1
2021;05;18;10;0;1
2021;05;18;11;1;1
2021;05;18;12;2;1
2021;05;18;13;0;0
2021;05;18;14;0;1
2021;05;18;15;20;1
2021;05;18;16;0;0
2021;05;18;17;0;1
2021;05;18;18;0;1
2021;05;18;19;0;1
2021;05;18;20;4;1
2021;05;18;21;8;1
2021;05;18;22;0;0
2021;05;18;23;0;0
2021;05;19;00;0;0
2021;05;19;01;0;0
2021;05;19;02;0;0
2021;05;19;03;0;0
2021;05;19;04;0;0
2021;05;19;05;0;0
2021;05;19;06;0;0
2021;05;19;07;0;0
2021;05;19;08;0;1
2021;05;19;09;0;1
2021;05;19;10;0;0
2021;05;19;11;0;0
2021;05;19;12;0;1
2021;05;19;13;2;1
2021;05;19;14;0;1
2021;05;19;15;4;1
2021;05;19;16;2;1
2021;05;19;17;0;0
2021;05;19;18;0;0
2021;05;19;19;0;0
2021;05;19;20;0;0
2021;05;19;21;0;0
2021;05;19;22;0;0
2021;05;19;23;0;0
2021;05;20;00;0;0
2021;05;20;01;0;0
2021;05;20;02;0;0
2021;05;20;03;0;0
2021;05;20;04;0;0
2021;05;20;05;0;0
2021;05;20;06;0;0
2021;05;20;07;0;0
2021;05;20;08;0;0
2021;05;20;09;0;0
2021;05;20;10;0;0
2021;05;20;11;0;0
2021;05;20;12;0;0
2021;05;20;13;0;0
2021;05;20;14;0;0
2021;05;20;15;0;0
2021;05;20;16;0;0
2021;05;20;17;0;0
2021;05;20;18;0;0
2021;05;20;19;0;0
2021;05;20;20;0;0
2021;05;20;21;0;1
2021;05;20;22;1;1
2021;05;20;23;0;0
2021;05;21;00;0;0
2021;05;21;01;0;0
2021;05;21;02;0;0
2021;05;21;03;0;0
2021;05;21;04;0;0
2021;05;21;05;0;0
2021;05;21;06;0;0
2021;05;21;07;0;1
2021;05;21;08;0;1
2021;05;21;09;29;1
2021;05;21;10;2;1
2021;05;21;11;1;1
2021;05;21;12;0;1
2021;05;21;13;0;1
2021;05;21;14;0;1
2021;05;21;15;0;1
2021;05;21;16;0;1
2021;05;21;17;0;0
2021;05;21;18;0;0
2021;05;21;19;0;1
2021;05;21;20;0;1
2021;05;21;21;0;0
2021;05;21;22;0;0
2021;05;21;23;0;0
2021;05;22;00;0;0
2021;05;22;01;0;0
2021;05;22;02;0;0
2021;05;22;03;0;0
2021;05;22;04;0;0
2021;05;22;05;0;1
2021;05;22;06;0;1
2021;05;22;07;0;1
2021;05;22;08;1;1
2021;05;22;09;0;1
2021;05;22;10;0;1
2021;05;22;11;1;1
2021;05;22;12;7;1
2021;05;22;13;1;1
2021;05;22;14;18;1
2021;05;22;15;10;1
2021;05;22;16;24;1
2021;05;22;17;0;0
2021;05;22;18;0;0
2021;05;22;19;0;1
2021;05;22;20;0;0
2021;05;22;21;0;0
2021;05;22;22;0;1
2021;05;22;23;15;1
2021;05;23;00;14;1
2021;05;23;01;5;1
2021;05;23;02;0;1
2021;05;23;03;0;1
2021;05;23;04;0;1
2021;05;23;05;2;1
2021;05;23;06;0;0
2021;05;23;07;1;1
2021;05;23;08;0;1
2021;05;23;09;18;1
2021;05;23;10;10;1
2021;05;23;11;0;0
2021;05;23;12;0;0
2021;05;23;13;0;0
2021;05;23;14;0;0
2021;05;23;15;0;0
2021;05;23;16;0;0
2021;05;23;17;0;0
2021;05;23;18;0;0
2021;05;23;19;0;0
2021;05;23;20;0;0
2021;05;23;21;0;0
2021;05;23;22;0;0
2021;05;23;23;0;0
2021;05;24;00;0;0
2021;05;24;01;0;0
2021;05;24;02;0;0
2021;05;24;03;0;0
2021;05;24;04;0;0
2021;05;24;05;0;0
2021;05;24;06;0;0
2021;05;24;07;0;0
2021;05;24;08;0;0
2021;05;24;09;0;0
2021;05;24;10;0;0
2021;05;24;11;0;0
2021;05;24;12;0;0
2021;05;24;13;0;1
2021;05;24;14;0;1
2021;05;24;15;5;1
2021;05;24;16;0;1
2021;05;24;17;0;1
2021;05;24;18;8;1
2021;05;24;19;0;0
2021;05;24;20;0;0
2021;05;24;21;0;0
2021;05;24;22;0;0
2021;05;24;23;0;1
2021;05;25;00;2;1
2021;05;25;01;0;1
2021;05;25;02;0;1
2021;05;25;03;0;1
2021;05;25;04;0;1
2021;05;25;05;0;0
2021;05;25;06;0;1
2021;05;25;07;0;1
2021;05;25;08;0;1
2021;05;25;09;0;1
2021;05;25;10;5;1
2021;05;25;11;0;1
2021;05;25;12;0;1
2021;05;25;13;7;1
2021;05;25;14;0;1
2021;05;25;15;36;1
2021;05;25;16;26;1
2021;05;25;17;0;1
2021;05;25;18;7;1
2021;05;25;19;10;1
2021;05;25;20;44;1
2021;05;25;21;0;1
2021;05;25;22;0;1
2021;05;25;23;0;1
2021;05;26;00;0;1
2021;05;26;01;15;1
2021;05;26;02;0;1
2021;05;26;03;0;0
2021;05;26;04;0;1
2021;05;26;05;0;1
2021;05;26;06;1;1
2021;05;26;07;12;1
2021;05;26;08;0;0
2021;05;26;09;0;0
2021;05;26;10;0;0
2021;05;26;11;0;0
2021;05;26;12;0;0
2021;05;26;13;0;0
2021;05;26;14;0;1
2021;05;26;15;0;0
2021;05;26;16;0;1
2021;05;26;17;0;0
2021;05;26;18;0;0
2021;05;26;19;0;1
2021;05;26;20;4;1
2021;05;26;21;2;1
2021;05;26;22;0;1
2021;05;26;23;1;1
2021;05;27;00;10;1
2021;05;27;01;20;1
2021;05;27;02;5;1
2021;05;27;03;1;1
2021;05;27;04;3;1
2021;05;27;05;2;1
2021;05;27;06;4;1
2021;05;27;07;1;1
2021;05;27;08;0;1
2021;05;27;09;3;1
2021;05;27;10;4;1
2021;05;27;11;1;1
2021;05;27;12;7;1
2021;05;27;13;1;1
2021;05;27;14;0;1
2021;05;27;15;0;1
2021;05;27;16;10;1
2021;05;27;17;0;1
2021;05;27;18;0;1
2021;05;27;19;0;0
2021;05;27;20;0;1
2021;05;27;21;0;0
2021;05;27;22;0;0
2021;05;27;23;0;0
2021;05;28;00;0;0
2021;05;28;01;0;0
2021;05;28;02;0;0
2021;05;28;03;0;0
2021;05;28;04;0;0
2021;05;28;05;0;0
2021;05;28;06;0;0
2021;05;28;07;0;0
2021;05;28;08;0;0
2021;05;28;09;0;0
2021;05;28;10;0;0
2021;05;28;11;0;0
2021;05;28;12;0;0
2021;05;28;13;0;0
2021;05;28;14;0;0
2021;05;28;15;0;0
2021;05;28;16;0;0
2021;05;28;17;0;0
2021;05;28;18;0;0
2021;05;28;19;0;0
2021;05;28;20;0;0
2021;05;28;21;0;0
2021;05;28;22;0;0
2021;05;28;23;0;0
2021;05;29;00;0;0
2021;05;29;01;0;0
2021;05;29;02;0;0
2021;05;29;03;0;0
2021;05;29;04;0;0
2021;05;29;05;0;0
2021;05;29;06;0;0
2021;05;29;07;0;0
2021;05;29;08;0;0
2021;05;29;09;0;0
2021;05;29;10;0;0
2021;05;29;11;0;0
2021;05;29;12;0;0
2021;05;29;13;0;0
2021;05;29;14;0;0
2021;05;29;15;0;0
2021;05;29;16;0;0
2021;05;29;17;0;0
2021;05;29;18;0;0
2021;05;29;19;0;0
2021;05;29;20;0;0
2021;05;29;21;0;0
2021;05;29;22;0;0
2021;05;29;23;0;0
2021;05;30;00;0;0
2021;05;30;01;0;0
2021;05;30;02;0;0
2021;05;30;03;0;0
2021;05;30;04;0;0
2021;05;30;05;0;0
2021;05;30;06;0;0
2021;05;30;07;0;0
2021;05;30;08;0;0
2021;05;30;09;0;0
2021;05;30;10;0;0
2021;05;30;11;0;0
2021;05;30;12;0;0
2021;05;30;13;0;0
2021;05;30;14;0;0
2021;05;30;15;0;0
2021;05;30;16;0;0
2021;05;30;17;0;0
2021;05;30;18;0;0
2021;05;30;19;0;0
2021;05;30;20;0;0
2021;05;30;21;0;0
2021;05;30;22;0;0
2021;05;30;23;0;0
2021;05;31;00;0;0
2021;05;31;01;0;0
2021;05;31;02;0;0
2021;05;31;03;0;0
2021;05;31;04;0;0
2021;05;31;05;0;0
2021;05;31;06;0;0
2021;05;31;07;0;0
2021;05;31;08;0;0
2021;05;31;09;0;0
2021;05;31;10;0;0
2021;05;31;11;0;0
2021;05;31;12;0;0
2021;05;31;13;0;0
2021;05;31;14;0;0
2021;05;31;15;0;0
2021;05;31;16;0;0
2021;05;31;17;0;0
2021;05;31;18;0;0
2021;05;31;19;0;0
2021;05;31;20;0;0
2021;05;31;21;0;0
2021;05;31;22;0;0
2021;05;31;23;0;0
2021;06;01;00;0;0
2021;06;01;01;0;0
2021;06;01;02;0;0
2021;06;01;03;0;0
2021;06;01;04;0;0
2021;06;01;05;0;0
2021;06;01;06;0;0
2021;06;01;07;0;0
2021;06;01;08;0;0
2021;06;01;09;0;0
2021;06;01;10;0;0
2021;06;01;11;0;0
2021;06;01;12;0;0
2021;06;01;13;0;0
2021;06;01;14;0;0
2021;06;01;15;0;0
2021;06;01;16;0;0
2021;06;01;17;0;0
2021;06;01;18;0;0
2021;06;01;19;0;0
2021;06;01;20;0;0
2021;06;01;21;0;0
2021;06;01;22;0;0
2021;06;01;23;0;0
2021;06;02;00;0;0
2021;06;02;01;0;0
2021;06;02;02;0;0
2021;06;02;03;0;0
2021;06;02;04;0;0
2021;06;02;05;0;0
2021;06;02;06;0;0
2021;06;02;07;0;0
2021;06;02;08;0;0
2021;06;02;09;0;0
2021;06;02;10;0;0
2021;06;02;11;0;0
2021;06;02;12;0;0
2021;06;02;13;0;0
2021;06;02;14;0;0
2021;06;02;15;0;0
2021;06;02;16;0;0
2021;06;02;17;0;0
2021;06;02;18;0;0
2021;06;02;19;0;0
2021;06;02;20;0;0
2021;06;02;21;0;0
2021;06;02;22;0;0
2021;06;02;23;0;0
2021;06;03;00;0;0
2021;06;03;01;0;0
2021;06;03;02;0;0
2021;06;03;03;0;0
2021;06;03;04;0;0
2021;06;03;05;0;0
2021;06;03;06;0;0
2021;06;03;07;0;0
2021;06;03;08;0;0
2021;06;03;09;0;0
2021;06;03;10;0;0
2021;06;03;11;0;0
2021;06;03;12;0;0
2021;06;03;13;0;0
2021;06;03;14;0;0
2021;06;03;15;0;1
2021;06;03;16;0;0
2021;06;03;17;0;1
2021;06;03;18;37;1
2021;06;03;19;81;1
2021;06;03;20;23;1
2021;06;03;21;28;1
2021;06;03;22;11;1
2021;06;03;23;0;0
2021;06;04;00;0;0
2021;06;04;01;0;0
2021;06;04;02;0;0
2021;06;04;03;0;0
2021;06;04;04;0;0
2021;06;04;05;0;0
2021;06;04;06;0;0
2021;06;04;07;0;0
2021;06;04;08;0;0
2021;06;04;09;0;0
2021;06;04;10;0;0
2021;06;04;11;0;0
2021;06;04;12;0;0
2021;06;04;13;0;0
2021;06;04;14;0;0
2021;06;04;15;0;0
2021;06;04;16;0;0
2021;06;04;17;0;0
2021;06;04;18;0;0
2021;06;04;19;0;0
2021;06;04;20;0;0
2021;06;04;21;0;0
2021;06;04;22;0;0
2021;06;04;23;0;0
2021;06;05;00;0;0
2021;06;05;01;0;0
2021;06;05;02;0;0
2021;06;05;03;0;0
2021;06;05;04;0;0
2021;06;05;05;0;0
2021;06;05;06;0;0
2021;06;05;07;0;0
2021;06;05;08;0;0
2021;06;05;09;0;0
2021;06;05;10;0;0
2021;06;05;11;0;0
2021;06;05;12;0;0
2021;06;05;13;0;0
2021;06;05;14;0;0
2021;06;05;15;0;0
2021;06;05;16;0;0
2021;06;05;17;0;0
2021;06;05;18;0;0
2021;06;05;19;0;0
2021;06;05;20;0;0
2021;06;05;21;0;0
2021;06;05;22;0;0
2021;06;05;23;0;0
2021;06;06;00;0;0
2021;06;06;01;0;0
2021;06;06;02;0;0
2021;06;06;03;0;0
2021;06;06;04;0;0
2021;06;06;05;0;1
2021;06;06;06;0;1
2021;06;06;07;0;1
2021;06;06;08;0;0
2021;06;06;09;0;0
2021;06;06;10;0;0
2021;06;06;11;0;0
2021;06;06;12;0;0
2021;06;06;13;0;1
2021;06;06;14;0;1
2021;06;06;15;0;0
2021;06;06;16;0;0
2021;06;06;17;0;0
2021;06;06;18;0;0
2021;06;06;19;0;0
2021;06;06;20;0;0
2021;06;06;21;0;0
2021;06;06;22;0;0
2021;06;06;23;0;0
2021;06;07;00;0;0
2021;06;07;01;0;0
2021;06;07;02;0;0
2021;06;07;03;0;0
2021;06;07;04;0;0
2021;06;07;05;0;0
2021;06;07;06;0;0
2021;06;07;07;0;0
2021;06;07;08;0;0
2021;06;07;09;0;0
2021;06;07;10;0;0
2021;06;07;11;0;0
2021;06;07;12;0;0
2021;06;07;13;0;0
2021;06;07;14;0;0
2021;06;07;15;0;0
2021;06;07;16;0;0
2021;06;07;17;0;0
2021;06;07;18;0;0
2021;06;07;19;0;0
2021;06;07;20;0;0
2021;06;07;21;0;0
2021;06;07;22;0;0
2021;06;07;23;0;0
2021;06;08;00;0;0
2021;06;08;01;0;0
2021;06;08;02;0;0
2021;06;08;03;0;0
2021;06;08;04;0;0
2021;06;08;05;0;0
2021;06;08;06;0;0
2021;06;08;07;0;0
2021;06;08;08;0;0
2021;06;08;09;0;0
2021;06;08;10;0;0
2021;06;08;11;0;0
2021;06;08;12;0;0
2021;06;08;13;0;0
2021;06;08;14;0;0
2021;06;08;15;0;0
2021;06;08;16;0;0
2021;06;08;17;0;0
2021;06;08;18;0;0
2021;06;08;19;0;0
2021;06;08;20;0;0
2021;06;08;21;0;0
2021;06;08;22;0;0
2021;06;08;23;0;0
2021;06;09;00;0;0
2021;06;09;01;0;0
2021;06;09;02;0;0
2021;06;09;03;0;0
2021;06;09;04;0;0
2021;06;09;05;0;0
2021;06;09;06;0;0
2021;06;09;07;0;0
2021;06;09;08;0;0
2021;06;09;09;0;0
2021;06;09;10;0;0
2021;06;09;11;0;0
2021;06;09;12;0;0
2021;06;09;13;0;0
2021;06;09;14;0;0
2021;06;09;15;0;0
2021;06;09;16;0;0
2021;06;09;17;0;0
2021;06;09;18;0;0
2021;06;09;19;0;0
2021;06;09;20;0;0
2021;06;09;21;0;0
2021;06;09;22;0;0
2021;06;09;23;0;0
2021;06;10;00;0;0
2021;06;10;01;0;0
2021;06;10;02;0;0
2021;06;10;03;0;0
2021;06;10;04;0;0
2021;06;10;05;0;0
2021;06;10;06;0;0
2021;06;10;07;0;0
2021;06;10;08;0;0
2021;06;10;09;0;0
2021;06;10;10;0;0
2021;06;10;11;0;0
2021;06;10;12;0;0
2021;06;10;13;0;0
2021;06;10;14;0;0
2021;06;10;15;0;0
2021;06;10;16;0;0
2021;06;10;17;0;0
2021;06;10;18;0;0
2021;06;10;19;0;0
2021;06;10;20;0;0
2021;06;10;21;0;0
2021;06;10;22;0;0
2021;06;10;23;0;0
2021;06;11;00;0;0
2021;06;11;01;0;0
2021;06;11;02;0;0
2021;06;11;03;0;0
2021;06;11;04;0;0
2021;06;11;05;0;0
2021;06;11;06;0;0
2021;06;11;07;0;0
2021;06;11;08;0;0
2021;06;11;09;0;0
2021;06;11;10;0;0
2021;06;11;11;0;0
2021;06;11;12;0;0
2021;06;11;13;0;0
2021;06;11;14;0;0
2021;06;11;15;0;0
2021;06;11;16;0;0
2021;06;11;17;0;0
2021;06;11;18;0;0
2021;06;11;19;0;0
2021;06;11;20;0;0
2021;06;11;21;1;1
2021;06;11;22;0;0
2021;06;11;23;0;0
2021;06;12;00;0;0
2021;06;12;01;0;0
2021;06;12;02;0;0
2021;06;12;03;0;0
2021;06;12;04;0;0
2021;06;12;05;0;0
2021;06;12;06;0;0
2021;06;12;07;1;1
2021;06;12;08;0;1
2021;06;12;09;0;0
2021;06;12;10;0;0
2021;06;12;11;0;0
2021;06;12;12;0;0
2021;06;12;13;0;0
2021;06;12;14;0;0
2021;06;12;15;0;0
2021;06;12;16;0;0
2021;06;12;17;0;0
2021;06;12;18;0;0
2021;06;12;19;0;0
2021;06;12;20;0;0
2021;06;12;21;0;0
2021;06;12;22;0;0
2021;06;12;23;0;0
2021;06;13;00;0;0
2021;06;13;01;0;0
2021;06;13;02;0;0
2021;06;13;03;0;0
2021;06;13;04;0;0
2021;06;13;05;0;0
2021;06;13;06;0;0
2021;06;13;07;0;0
2021;06;13;08;0;0
2021;06;13;09;0;0
2021;06;13;10;0;0
2021;06;13;11;0;0
2021;06;13;12;0;0
2021;06;13;13;0;0
2021;06;13;14;0;0
2021;06;13;15;0;0
2021;06;13;16;0;0
2021;06;13;17;0;0
2021;06;13;18;0;0
2021;06;13;19;0;0
2021;06;13;20;0;0
2021;06;13;21;0;0
2021;06;13;22;0;0
2021;06;13;23;0;0
2021;06;14;00;0;0
2021;06;14;01;0;0
2021;06;14;02;0;0
2021;06;14;03;0;0
2021;06;14;04;0;0
2021;06;14;05;0;0
2021;06;14;06;0;0
2021;06;14;07;0;0
2021;06;14;08;0;0
2021;06;14;09;0;0
2021;06;14;10;0;0
2021;06;14;11;0;0
2021;06;14;12;0;0
2021;06;14;13;0;0
2021;06;14;14;0;0
2021;06;14;15;0;0
2021;06;14;16;0;0
2021;06;14;17;0;0
2021;06;14;18;0;0
2021;06;14;19;0;0
2021;06;14;20;0;0
2021;06;14;21;0;0
2021;06;14;22;0;0
2021;06;14;23;0;0
2021;06;15;00;0;0
2021;06;15;01;0;0
2021;06;15;02;0;0
2021;06;15;03;0;0
2021;06;15;04;0;0
2021;06;15;05;0;0
2021;06;15;06;0;0
2021;06;15;07;0;0
2021;06;15;08;0;0
2021;06;15;09;0;0
2021;06;15;10;0;0
2021;06;15;11;0;0
2021;06;15;12;0;0
2021;06;15;13;0;0
2021;06;15;14;0;0
2021;06;15;15;0;0
2021;06;15;16;0;0
2021;06;15;17;0;0
2021;06;15;18;0;0
2021;06;15;19;0;0
2021;06;15;20;0;0
2021;06;15;21;0;0
2021;06;15;22;0;0
2021;06;15;23;0;0
2021;06;16;00;0;0
2021;06;16;01;0;0
2021;06;16;02;0;0
2021;06;16;03;0;0
2021;06;16;04;0;0
2021;06;16;05;0;0
2021;06;16;06;0;0
2021;06;16;07;0;0
2021;06;16;08;0;0
2021;06;16;09;0;0
2021;06;16;10;0;0
2021;06;16;11;0;0
2021;06;16;12;0;0
2021;06;16;13;0;0
2021;06;16;14;0;0
2021;06;16;15;0;0
2021;06;16;16;0;0
2021;06;16;17;0;0
2021;06;16;18;0;0
2021;06;16;19;0;0
2021;06;16;20;0;0
2021;06;16;21;0;0
2021;06;16;22;0;0
2021;06;16;23;0;0
2021;06;17;00;0;0
2021;06;17;01;0;0
2021;06;17;02;0;0
2021;06;17;03;0;0
2021;06;17;04;0;0
2021;06;17;05;0;0
2021;06;17;06;0;0
2021;06;17;07;0;0
2021;06;17;08;0;0
2021;06;17;09;0;0
2021;06;17;10;0;0
2021;06;17;11;0;0
2021;06;17;12;0;0
2021;06;17;13;0;0
2021;06;17;14;0;0
2021;06;17;15;0;0
2021;06;17;16;0;0
2021;06;17;17;0;0
2021;06;17;18;0;0
2021;06;17;19;0;0
2021;06;17;20;0;0
2021;06;17;21;0;0
2021;06;17;22;0;0
2021;06;17;23;0;0
2021;06;18;00;0;0
2021;06;18;01;0;0
2021;06;18;02;0;0
2021;06;18;03;0;0
2021;06;18;04;0;0
2021;06;18;05;0;0
2021;06;18;06;0;0
2021;06;18;07;0;0
2021;06;18;08;0;0
2021;06;18;09;0;0
2021;06;18;10;0;0
2021;06;18;11;0;0
2021;06;18;12;0;0
2021;06;18;13;0;0
2021;06;18;14;0;0
2021;06;18;15;0;0
2021;06;18;16;0;0
2021;06;18;17;0;0
2021;06;18;18;0;0
2021;06;18;19;0;0
2021;06;18;20;0;0
2021;06;18;21;0;0
2021;06;18;22;0;0
2021;06;18;23;0;0
2021;06;19;00;0;0
2021;06;19;01;0;0
2021;06;19;02;0;0
2021;06;19;03;0;0
2021;06;19;04;0;0
2021;06;19;05;0;0
2021;06;19;06;0;0
2021;06;19;07;0;0
2021;06;19;08;0;0
2021;06;19;09;0;0
2021;06;19;10;0;0
2021;06;19;11;0;0
2021;06;19;12;0;0
2021;06;19;13;0;0
2021;06;19;14;0;0
2021;06;19;15;0;0
2021;06;19;16;0;0
2021;06;19;17;0;0
2021;06;19;18;0;0
2021;06;19;19;0;0
2021;06;19;20;0;0
2021;06;19;21;0;0
2021;06;19;22;0;0
2021;06;19;23;0;0
2021;06;20;00;5;1
2021;06;20;01;10;1
2021;06;20;02;54;1
2021;06;20;03;12;1
2021;06;20;04;8;1
2021;06;20;05;0;0
2021;06;20;06;0;0
2021;06;20;07;0;0
2021;06;20;08;0;0
2021;06;20;09;0;0
2021;06;20;10;0;0
2021;06;20;11;0;0
2021;06;20;12;0;0
2021;06;20;13;0;0
2021;06;20;14;0;0
2021;06;20;15;0;0
2021;06;20;16;0;0
2021;06;20;17;0;0
2021;06;20;18;0;0
2021;06;20;19;0;0
2021;06;20;20;0;0
2021;06;20;21;0;0
2021;06;20;22;0;0
2021;06;20;23;0;0
2021;06;21;00;0;0
2021;06;21;01;0;1
2021;06;21;02;1;1
2021;06;21;03;8;1
2021;06;21;04;54;1
2021;06;21;05;13;1
2021;06;21;06;69;1
2021;06;21;07;1;1
2021;06;21;08;9;1
2021;06;21;09;0;1
2021;06;21;10;0;1
2021;06;21;11;16;1
2021;06;21;12;13;1
2021;06;21;13;0;1
2021;06;21;14;6;1
2021;06;21;15;4;1
2021;06;21;16;0;1
2021;06;21;17;0;1
2021;06;21;18;0;0
2021;06;21;19;0;0
2021;06;21;20;0;0
2021;06;21;21;0;0
2021;06;21;22;0;1
2021;06;21;23;0;1
2021;06;22;00;0;0
2021;06;22;01;0;0
2021;06;22;02;0;0
2021;06;22;03;0;0
2021;06;22;04;0;0
2021;06;22;05;0;0
2021;06;22;06;0;0
2021;06;22;07;0;0
2021;06;22;08;0;0
2021;06;22;09;0;0
2021;06;22;10;0;0
2021;06;22;11;0;0
2021;06;22;12;0;0
2021;06;22;13;0;0
2021;06;22;14;0;0
2021;06;22;15;0;0
2021;06;22;16;0;0
2021;06;22;17;0;0
2021;06;22;18;0;0
2021;06;22;19;0;1
2021;06;22;20;0;1
2021;06;22;21;6;1
2021;06;22;22;7;1
2021;06;22;23;0;0
2021;06;23;00;0;0
2021;06;23;01;0;0
2021;06;23;02;0;0
2021;06;23;03;0;0
2021;06;23;04;0;0
2021;06;23;05;0;0
2021;06;23;06;0;0
2021;06;23;07;0;0
2021;06;23;08;0;0
2021;06;23;09;0;0
2021;06;23;10;0;0
2021;06;23;11;0;0
2021;06;23;12;0;0
2021;06;23;13;0;0
2021;06;23;14;0;0
2021;06;23;15;0;0
2021;06;23;16;0;0
2021;06;23;17;0;0
2021;06;23;18;0;0
2021;06;23;19;0;0
2021;06;23;20;0;0
2021;06;23;21;0;0
2021;06;23;22;0;0
2021;06;23;23;0;0
2021;06;24;00;0;0
2021;06;24;01;0;1
2021;06;24;02;0;0
2021;06;24;03;0;0
2021;06;24;04;0;0
2021;06;24;05;0;0
2021;06;24;06;0;0
2021;06;24;07;0;0
2021;06;24;08;0;0
2021;06;24;09;0;0
2021;06;24;10;0;0
2021;06;24;11;0;0
2021;06;24;12;0;0
2021;06;24;13;0;0
2021;06;24;14;0;0
2021;06;24;15;0;0
2021;06;24;16;0;0
2021;06;24;17;0;0
2021;06;24;18;0;0
2021;06;24;19;0;0
2021;06;24;20;0;0
2021;06;24;21;0;0
2021;06;24;22;0;0
2021;06;24;23;0;0
2021;06;25;00;0;0
2021;06;25;01;0;0
2021;06;25;02;0;0
2021;06;25;03;0;0
2021;06;25;04;0;0
2021;06;25;05;0;0
2021;06;25;06;0;0
2021;06;25;07;0;0
2021;06;25;08;0;0
2021;06;25;09;0;0
2021;06;25;10;0;0
2021;06;25;11;0;0
2021;06;25;12;0;0
2021;06;25;13;0;0
2021;06;25;14;0;0
2021;06;25;15;0;0
2021;06;25;16;0;0
2021;06;25;17;0;1
2021;06;25;18;0;0
2021;06;25;19;0;0
2021;06;25;20;0;0
2021;06;25;21;1;1
2021;06;25;22;0;0
2021;06;25;23;0;0
2021;06;26;00;0;0
2021;06;26;01;0;0
2021;06;26;02;0;0
2021;06;26;03;0;1
2021;06;26;04;0;0
2021;06;26;05;0;0
2021;06;26;06;0;0
2021;06;26;07;0;0
2021;06;26;08;0;0
2021;06;26;09;0;0
2021;06;26;10;0;0
2021;06;26;11;0;0
2021;06;26;12;0;0
2021;06;26;13;0;0
2021;06;26;14;0;0
2021;06;26;15;0;0
2021;06;26;16;0;0
2021;06;26;17;0;0
2021;06;26;18;0;0
2021;06;26;19;0;0
2021;06;26;20;0;0
2021;06;26;21;0;1
2021;06;26;22;0;0
2021;06;26;23;0;0
2021;06;27;00;0;0
2021;06;27;01;0;0
2021;06;27;02;0;0
2021;06;27;03;0;0
2021;06;27;04;0;0
2021;06;27;05;0;0
2021;06;27;06;0;0
2021;06;27;07;0;0
2021;06;27;08;0;0
2021;06;27;09;0;0
2021;06;27;10;0;0
2021;06;27;11;0;0
2021;06;27;12;0;0
2021;06;27;13;0;0
2021;06;27;14;0;0
2021;06;27;15;0;0
2021;06;27;16;0;0
2021;06;27;17;0;0
2021;06;27;18;0;0
2021;06;27;19;0;0
2021;06;27;20;0;0
2021;06;27;21;2;1
2021;06;27;22;1;1
2021;06;27;23;0;1
2021;06;28;00;2;1
2021;06;28;01;2;1
2021;06;28;02;1;1
2021;06;28;03;0;0
2021;06;28;04;0;0
2021;06;28;05;0;0
2021;06;28;06;0;0
2021;06;28;07;0;0
2021;06;28;08;0;0
2021;06;28;09;0;0
2021;06;28;10;0;0
2021;06;28;11;0;0
2021;06;28;12;0;0
2021;06;28;13;0;0
2021;06;28;14;0;1
2021;06;28;15;0;0
2021;06;28;16;0;0
2021;06;28;17;1;1
2021;06;28;18;0;0
2021;06;28;19;0;0
2021;06;28;20;0;0
2021;06;28;21;0;0
2021;06;28;22;0;0
2021;06;28;23;0;0
2021;06;29;00;0;0
2021;06;29;01;0;0
2021;06;29;02;0;0
2021;06;29;03;1;1
2021;06;29;04;1;1
2021;06;29;05;0;1
2021;06;29;06;0;0
2021;06;29;07;0;0
2021;06;29;08;0;0
2021;06;29;09;0;0
2021;06;29;10;0;0
2021;06;29;11;0;0
2021;06;29;12;0;0
2021;06;29;13;0;0
2021;06;29;14;0;0
2021;06;29;15;0;0
2021;06;29;16;0;0
2021;06;29;17;0;0
2021;06;29;18;0;0
2021;06;29;19;0;0
2021;06;29;20;0;0
2021;06;29;21;0;0
2021;06;29;22;0;0
2021;06;29;23;0;0
2021;06;30;00;0;0
2021;06;30;01;14;1
2021;06;30;02;18;1
2021;06;30;03;0;1
2021;06;30;04;0;0
2021;06;30;05;0;1
2021;06;30;06;0;0
2021;06;30;07;0;0
2021;06;30;08;0;0
2021;06;30;09;0;0
2021;06;30;10;0;1
2021;06;30;11;0;0
2021;06;30;12;0;0
2021;06;30;13;0;0
2021;06;30;14;0;0
2021;06;30;15;0;0
2021;06;30;16;0;0
2021;06;30;17;0;0
2021;06;30;18;0;1
2021;06;30;19;0;1
2021;06;30;20;0;1
2021;06;30;21;0;1
2021;06;30;22;4;1
2021;06;30;23;0;1
2021;07;01;00;0;1
2021;07;01;01;0;1
2021;07;01;02;0;1
2021;07;01;03;0;1
2021;07;01;04;0;1
2021;07;01;05;0;1
2021;07;01;06;1;1
2021;07;01;07;0;1
2021;07;01;08;0;1
2021;07;01;09;6;1
2021;07;01;10;1;1
2021;07;01;11;2;1
2021;07;01;12;2;1
2021;07;01;13;0;1
2021;07;01;14;0;1
2021;07;01;15;0;1
2021;07;01;16;0;0
2021;07;01;17;0;0
2021;07;01;18;0;0
2021;07;01;19;0;0
2021;07;01;20;0;0
2021;07;01;21;0;0
2021;07;01;22;0;0
2021;07;01;23;0;0
2021;07;02;00;0;0
2021;07;02;01;0;0
2021;07;02;02;0;0
2021;07;02;03;0;0
2021;07;02;04;0;0
2021;07;02;05;0;0
2021;07;02;06;0;0
2021;07;02;07;0;0
2021;07;02;08;0;0
2021;07;02;09;0;0
2021;07;02;10;0;0
2021;07;02;11;0;0
2021;07;02;12;0;0
2021;07;02;13;0;0
2021;07;02;14;0;0
2021;07;02;15;0;0
2021;07;02;16;0;0
2021;07;02;17;0;0
2021;07;02;18;0;0
2021;07;02;19;0;0
2021;07;02;20;0;0
2021;07;02;21;0;0
2021;07;02;22;0;0
2021;07;02;23;0;0
2021;07;03;00;0;0
2021;07;03;01;0;0
2021;07;03;02;0;0
2021;07;03;03;0;0
2021;07;03;04;0;0
2021;07;03;05;0;0
2021;07;03;06;0;0
2021;07;03;07;0;0
2021;07;03;08;0;0
2021;07;03;09;0;0
2021;07;03;10;0;0
2021;07;03;11;0;0
2021;07;03;12;0;0
2021;07;03;13;0;0
2021;07;03;14;0;0
2021;07;03;15;0;0
2021;07;03;16;0;0
2021;07;03;17;0;0
2021;07;03;18;0;0
2021;07;03;19;0;0
2021;07;03;20;0;0
2021;07;03;21;0;0
2021;07;03;22;0;0
2021;07;03;23;0;1
2021;07;04;00;1;1
2021;07;04;01;3;1
2021;07;04;02;4;1
2021;07;04;03;1;1
2021;07;04;04;0;1
2021;07;04;05;0;1
2021;07;04;06;15;1
2021;07;04;07;7;1
2021;07;04;08;1;1
2021;07;04;09;0;1
2021;07;04;10;4;1
2021;07;04;11;0;0
2021;07;04;12;0;0
2021;07;04;13;0;0
2021;07;04;14;50;1
2021;07;04;15;0;1
2021;07;04;16;13;1
2021;07;04;17;8;1
2021;07;04;18;0;0
2021;07;04;19;0;0
2021;07;04;20;0;0
2021;07;04;21;0;0
2021;07;04;22;0;0
2021;07;04;23;0;0
2021;07;05;00;0;0
2021;07;05;01;0;0
2021;07;05;02;0;0
2021;07;05;03;0;0
2021;07;05;04;0;0
2021;07;05;05;0;0
2021;07;05;06;0;0
2021;07;05;07;1;1
2021;07;05;08;35;1
2021;07;05;09;1;1
2021;07;05;10;0;1
2021;07;05;11;0;0
2021;07;05;12;0;1
2021;07;05;13;0;0
2021;07;05;14;0;0
2021;07;05;15;0;0
2021;07;05;16;0;0
2021;07;05;17;0;0
2021;07;05;18;0;0
2021;07;05;19;0;0
2021;07;05;20;0;0
2021;07;05;21;0;0
2021;07;05;22;0;0
2021;07;05;23;0;1
2021;07;06;00;0;1
2021;07;06;01;0;0
2021;07;06;02;0;0
2021;07;06;03;0;0
2021;07;06;04;0;1
2021;07;06;05;0;0
2021;07;06;06;0;1
2021;07;06;07;0;1
2021;07;06;08;0;1
2021;07;06;09;1;1
2021;07;06;10;0;0
2021;07;06;11;0;0
2021;07;06;12;0;0
2021;07;06;13;0;0
2021;07;06;14;0;0
2021;07;06;15;0;0
2021;07;06;16;0;0
2021;07;06;17;0;0
2021;07;06;18;0;0
2021;07;06;19;0;0
2021;07;06;20;0;0
2021;07;06;21;0;0
2021;07;06;22;0;0
2021;07;06;23;0;0
2021;07;07;00;0;0
2021;07;07;01;0;0
2021;07;07;02;0;0
2021;07;07;03;0;0
2021;07;07;04;0;0
2021;07;07;05;0;0
2021;07;07;06;0;0
2021;07;07;07;0;0
2021;07;07;08;0;0
2021;07;07;09;0;0
2021;07;07;10;0;0
2021;07;07;11;0;0
2021;07;07;12;0;0
2021;07;07;13;0;0
2021;07;07;14;0;1
2021;07;07;15;0;1
2021;07;07;16;0;0
2021;07;07;17;0;0
2021;07;07;18;0;0
2021;07;07;19;0;0
2021;07;07;20;0;0
2021;07;07;21;0;1
2021;07;07;22;0;0
2021;07;07;23;0;1
2021;07;08;00;1;1
2021;07;08;01;0;1
2021;07;08;02;0;0
2021;07;08;03;0;0
2021;07;08;04;0;0
2021;07;08;05;0;0
2021;07;08;06;0;0
2021;07;08;07;0;0
2021;07;08;08;0;0
2021;07;08;09;0;0
2021;07;08;10;0;0
2021;07;08;11;0;0
2021;07;08;12;0;0
2021;07;08;13;0;0
2021;07;08;14;0;0
2021;07;08;15;0;1
2021;07;08;16;0;1
2021;07;08;17;0;0
2021;07;08;18;17;1
2021;07;08;19;16;1
2021;07;08;20;1;1
2021;07;08;21;0;1
2021;07;08;22;0;0
2021;07;08;23;0;0
2021;07;09;00;0;0
2021;07;09;01;0;0
2021;07;09;02;0;0
2021;07;09;03;0;0
2021;07;09;04;0;0
2021;07;09;05;0;0
2021;07;09;06;0;0
2021;07;09;07;0;0
2021;07;09;08;0;0
2021;07;09;09;0;0
2021;07;09;10;0;0
2021;07;09;11;0;0
2021;07;09;12;0;0
2021;07;09;13;0;0
2021;07;09;14;0;0
2021;07;09;15;0;0
2021;07;09;16;0;0
2021;07;09;17;0;0
2021;07;09;18;0;0
2021;07;09;19;0;0
2021;07;09;20;0;0
2021;07;09;21;0;0
2021;07;09;22;0;0
2021;07;09;23;0;0
2021;07;10;00;0;0
2021;07;10;01;0;0
2021;07;10;02;0;0
2021;07;10;03;0;0
2021;07;10;04;0;0
2021;07;10;05;0;0
2021;07;10;06;0;0
2021;07;10;07;0;0
2021;07;10;08;0;0
2021;07;10;09;0;0
2021;07;10;10;0;0
2021;07;10;11;0;0
2021;07;10;12;0;0
2021;07;10;13;0;0
2021;07;10;14;0;0
2021;07;10;15;0;0
2021;07;10;16;0;0
2021;07;10;17;0;0
2021;07;10;18;0;0
2021;07;10;19;0;0
2021;07;10;20;0;0
2021;07;10;21;0;0
2021;07;10;22;0;0
2021;07;10;23;0;0
2021;07;11;00;0;0
2021;07;11;01;0;0
2021;07;11;02;0;0
2021;07;11;03;58;1
2021;07;11;04;26;1
2021;07;11;05;7;1
2021;07;11;06;0;1
2021;07;11;07;0;0
2021;07;11;08;0;0
2021;07;11;09;0;0
2021;07;11;10;0;0
2021;07;11;11;0;0
2021;07;11;12;0;0
2021;07;11;13;0;0
2021;07;11;14;0;0
2021;07;11;15;0;0
2021;07;11;16;0;0
2021;07;11;17;0;0
2021;07;11;18;0;0
2021;07;11;19;0;0
2021;07;11;20;0;0
2021;07;11;21;0;0
2021;07;11;22;0;0
2021;07;11;23;0;0
2021;07;12;00;0;0
2021;07;12;01;0;0
2021;07;12;02;0;0
2021;07;12;03;0;0
2021;07;12;04;0;0
2021;07;12;05;0;0
2021;07;12;06;0;0
2021;07;12;07;0;0
2021;07;12;08;0;0
2021;07;12;09;0;0
2021;07;12;10;0;0
2021;07;12;11;0;0
2021;07;12;12;0;0
2021;07;12;13;0;0
2021;07;12;14;0;0
2021;07;12;15;0;0
2021;07;12;16;0;1
2021;07;12;17;0;1
2021;07;12;18;0;0
2021;07;12;19;0;0
2021;07;12;20;0;0
2021;07;12;21;0;0
2021;07;12;22;0;0
2021;07;12;23;0;0
2021;07;13;00;0;0
2021;07;13;01;0;0
2021;07;13;02;0;0
2021;07;13;03;0;0
2021;07;13;04;0;0
2021;07;13;05;0;0
2021;07;13;06;0;1
2021;07;13;07;1;1
2021;07;13;08;7;1
2021;07;13;09;10;1
2021;07;13;10;3;1
2021;07;13;11;0;1
2021;07;13;12;0;0
2021;07;13;13;0;1
2021;07;13;14;0;1
2021;07;13;15;0;0
2021;07;13;16;0;0
2021;07;13;17;0;1
2021;07;13;18;0;0
2021;07;13;19;0;0
2021;07;13;20;0;0
2021;07;13;21;0;1
2021;07;13;22;0;1
2021;07;13;23;0;0
2021;07;14;00;0;0
2021;07;14;01;0;1
2021;07;14;02;2;1
2021;07;14;03;2;1
2021;07;14;04;1;1
2021;07;14;05;0;1
2021;07;14;06;2;1
2021;07;14;07;0;1
2021;07;14;08;0;1
2021;07;14;09;0;1
2021;07;14;10;0;0
2021;07;14;11;0;1
2021;07;14;12;0;1
2021;07;14;13;0;1
2021;07;14;14;156;1
2021;07;14;15;30;1
2021;07;14;16;9;1
2021;07;14;17;30;1
2021;07;14;18;9;1
2021;07;14;19;0;0
2021;07;14;20;0;0
2021;07;14;21;0;0
2021;07;14;22;0;0
2021;07;14;23;0;0
2021;07;15;00;0;0
2021;07;15;01;0;0
2021;07;15;02;0;0
2021;07;15;03;0;0
2021;07;15;04;0;0
2021;07;15;05;0;0
2021;07;15;06;0;0
2021;07;15;07;0;0
2021;07;15;08;0;0
2021;07;15;09;0;0
2021;07;15;10;0;0
2021;07;15;11;0;0
2021;07;15;12;0;0
2021;07;15;13;0;0
2021;07;15;14;0;0
2021;07;15;15;0;0
2021;07;15;16;0;0
2021;07;15;17;0;1
2021;07;15;18;0;0
2021;07;15;19;0;0
2021;07;15;20;0;0
2021;07;15;21;0;0
2021;07;15;22;0;0
2021;07;15;23;0;0
2021;07;16;00;0;0
2021;07;16;01;0;0
2021;07;16;02;0;1
2021;07;16;03;0;0
2021;07;16;04;0;0
2021;07;16;05;0;0
2021;07;16;06;0;0
2021;07;16;07;0;0
2021;07;16;08;0;0
2021;07;16;09;0;0
2021;07;16;10;0;0
2021;07;16;11;0;0
2021;07;16;12;0;0
2021;07;16;13;0;1
2021;07;16;14;37;1
2021;07;16;15;0;1
2021;07;16;16;0;0
2021;07;16;17;0;0
2021;07;16;18;0;0
2021;07;16;19;0;0
2021;07;16;20;0;0
2021;07;16;21;0;0
2021;07;16;22;0;0
2021;07;16;23;0;0
2021;07;17;00;0;0
2021;07;17;01;0;0
2021;07;17;02;0;0
2021;07;17;03;0;0
2021;07;17;04;0;0
2021;07;17;05;0;0
2021;07;17;06;0;0
2021;07;17;07;0;0
2021;07;17;08;0;0
2021;07;17;09;0;0
2021;07;17;10;0;0
2021;07;17;11;0;0
2021;07;17;12;0;0
2021;07;17;13;0;0
2021;07;17;14;0;0
2021;07;17;15;0;0
2021;07;17;16;0;0
2021;07;17;17;0;0
2021;07;17;18;0;0
2021;07;17;19;0;0
2021;07;17;20;0;0
2021;07;17;21;0;0
2021;07;17;22;0;0
2021;07;17;23;0;0
2021;07;18;00;0;0
2021;07;18;01;0;0
2021;07;18;02;0;0
2021;07;18;03;0;0
2021;07;18;04;0;0
2021;07;18;05;0;0
2021;07;18;06;0;0
2021;07;18;07;0;0
2021;07;18;08;0;0
2021;07;18;09;0;0
2021;07;18;10;0;0
2021;07;18;11;0;0
2021;07;18;12;0;0
2021;07;18;13;0;0
2021;07;18;14;0;0
2021;07;18;15;0;0
2021;07;18;16;0;0
2021;07;18;17;0;0
2021;07;18;18;0;0
2021;07;18;19;0;0
2021;07;18;20;0;0
2021;07;18;21;0;0
2021;07;18;22;0;0
2021;07;18;23;0;0
2021;07;19;00;0;0
2021;07;19;01;0;0
2021;07;19;02;0;0
2021;07;19;03;0;0
2021;07;19;04;0;0
2021;07;19;05;0;0
2021;07;19;06;0;0
2021;07;19;07;0;0
2021;07;19;08;0;0
2021;07;19;09;0;0
2021;07;19;10;0;0
2021;07;19;11;0;0
2021;07;19;12;0;0
2021;07;19;13;0;0
2021;07;19;14;0;0
2021;07;19;15;0;0
2021;07;19;16;0;0
2021;07;19;17;0;0
2021;07;19;18;0;0
2021;07;19;19;0;0
2021;07;19;20;0;0
2021;07;19;21;0;0
2021;07;19;22;0;0
2021;07;19;23;0;0
2021;07;20;00;0;0
2021;07;20;01;0;0
2021;07;20;02;0;0
2021;07;20;03;0;0
2021;07;20;04;0;0
2021;07;20;05;0;0
2021;07;20;06;0;0
2021;07;20;07;0;0
2021;07;20;08;0;0
2021;07;20;09;0;0
2021;07;20;10;0;0
2021;07;20;11;0;0
2021;07;20;12;0;0
2021;07;20;13;0;0
2021;07;20;14;0;0
2021;07;20;15;0;0
2021;07;20;16;0;0
2021;07;20;17;0;0
2021;07;20;18;0;0
2021;07;20;19;0;0
2021;07;20;20;0;0
2021;07;20;21;0;0
2021;07;20;22;0;0
2021;07;20;23;0;0
2021;07;21;00;0;0
2021;07;21;01;0;0
2021;07;21;02;0;0
2021;07;21;03;0;0
2021;07;21;04;0;0
2021;07;21;05;0;0
2021;07;21;06;0;0
2021;07;21;07;0;0
2021;07;21;08;0;0
2021;07;21;09;0;0
2021;07;21;10;0;0
2021;07;21;11;0;0
2021;07;21;12;0;0
2021;07;21;13;0;0
2021;07;21;14;0;0
2021;07;21;15;0;0
2021;07;21;16;0;0
2021;07;21;17;0;0
2021;07;21;18;0;0
2021;07;21;19;0;0
2021;07;21;20;0;0
2021;07;21;21;0;0
2021;07;21;22;0;0
2021;07;21;23;0;0
2021;07;22;00;0;0
2021;07;22;01;0;0
2021;07;22;02;0;0
2021;07;22;03;0;0
2021;07;22;04;0;0
2021;07;22;05;0;0
2021;07;22;06;0;0
2021;07;22;07;0;0
2021;07;22;08;0;0
2021;07;22;09;0;0
2021;07;22;10;0;0
2021;07;22;11;0;0
2021;07;22;12;0;0
2021;07;22;13;0;0
2021;07;22;14;0;0
2021;07;22;15;0;0
2021;07;22;16;0;0
2021;07;22;17;0;0
2021;07;22;18;0;0
2021;07;22;19;0;0
2021;07;22;20;0;0
2021;07;22;21;0;0
2021;07;22;22;0;0
2021;07;22;23;0;0
2021;07;23;00;0;0
2021;07;23;01;0;0
2021;07;23;02;0;0
2021;07;23;03;0;0
2021;07;23;04;0;0
2021;07;23;05;0;0
2021;07;23;06;0;0
2021;07;23;07;0;0
2021;07;23;08;0;0
2021;07;23;09;0;0
2021;07;23;10;0;0
2021;07;23;11;0;0
2021;07;23;12;0;0
2021;07;23;13;0;0
2021;07;23;14;0;0
2021;07;23;15;0;0
2021;07;23;16;0;0
2021;07;23;17;0;0
2021;07;23;18;0;0
2021;07;23;19;0;0
2021;07;23;20;0;0
2021;07;23;21;0;0
2021;07;23;22;0;0
2021;07;23;23;0;0
2021;07;24;00;0;0
2021;07;24;01;0;0
2021;07;24;02;0;0
2021;07;24;03;0;0
2021;07;24;04;0;0
2021;07;24;05;0;0
2021;07;24;06;0;0
2021;07;24;07;0;0
2021;07;24;08;0;0
2021;07;24;09;0;0
2021;07;24;10;0;0
2021;07;24;11;0;0
2021;07;24;12;0;0
2021;07;24;13;0;0
2021;07;24;14;0;0
2021;07;24;15;0;0
2021;07;24;16;12;1
2021;07;24;17;1;1
2021;07;24;18;30;1
2021;07;24;19;34;1
2021;07;24;20;0;1
2021;07;24;21;0;0
2021;07;24;22;0;1
2021;07;24;23;0;0
2021;07;25;00;0;0
2021;07;25;01;0;0
2021;07;25;02;0;0
2021;07;25;03;0;0
2021;07;25;04;0;0
2021;07;25;05;0;0
2021;07;25;06;0;0
2021;07;25;07;0;0
2021;07;25;08;0;0
2021;07;25;09;0;0
2021;07;25;10;0;0
2021;07;25;11;0;0
2021;07;25;12;0;0
2021;07;25;13;0;0
2021;07;25;14;0;0
2021;07;25;15;0;0
2021;07;25;16;0;0
2021;07;25;17;0;0
2021;07;25;18;0;0
2021;07;25;19;0;1
2021;07;25;20;4;1
2021;07;25;21;0;0
2021;07;25;22;0;0
2021;07;25;23;0;0
2021;07;26;00;0;0
2021;07;26;01;0;0
2021;07;26;02;0;0
2021;07;26;03;0;0
2021;07;26;04;0;0
2021;07;26;05;0;0
2021;07;26;06;0;0
2021;07;26;07;0;0
2021;07;26;08;0;0
2021;07;26;09;0;0
2021;07;26;10;0;0
2021;07;26;11;0;0
2021;07;26;12;0;0
2021;07;26;13;0;0
2021;07;26;14;0;0
2021;07;26;15;0;0
2021;07;26;16;0;0
2021;07;26;17;0;1
2021;07;26;18;0;1
2021;07;26;19;0;0
2021;07;26;20;0;0
2021;07;26;21;0;1
2021;07;26;22;55;1
2021;07;26;23;0;0
2021;07;27;00;0;1
2021;07;27;01;0;0
2021;07;27;02;0;0
2021;07;27;03;0;0
2021;07;27;04;0;0
2021;07;27;05;0;0
2021;07;27;06;0;0
2021;07;27;07;0;0
2021;07;27;08;0;0
2021;07;27;09;0;0
2021;07;27;10;0;0
2021;07;27;11;0;0
2021;07;27;12;0;0
2021;07;27;13;0;0
2021;07;27;14;0;1
2021;07;27;15;0;0
2021;07;27;16;0;0
2021;07;27;17;1;1
2021;07;27;18;183;1
2021;07;27;19;8;1
2021;07;27;20;2;1
2021;07;27;21;0;1
2021;07;27;22;0;1
2021;07;27;23;0;0
2021;07;28;00;0;0
2021;07;28;01;0;0
2021;07;28;02;0;0
2021;07;28;03;0;0
2021;07;28;04;0;0
2021;07;28;05;0;0
2021;07;28;06;0;0
2021;07;28;07;0;1
2021;07;28;08;0;0
2021;07;28;09;0;1
2021;07;28;10;0;1
2021;07;28;11;0;1
2021;07;28;12;0;0
2021;07;28;13;0;0
2021;07;28;14;0;0
2021;07;28;15;0;0
2021;07;28;16;0;0
2021;07;28;17;0;0
2021;07;28;18;0;0
2021;07;28;19;0;0
2021;07;28;20;0;1
2021;07;28;21;0;0
2021;07;28;22;0;0
2021;07;28;23;0;1
2021;07;29;00;0;1
2021;07;29;01;0;0
2021;07;29;02;0;0
2021;07;29;03;0;0
2021;07;29;04;0;0
2021;07;29;05;0;0
2021;07;29;06;0;0
2021;07;29;07;0;0
2021;07;29;08;0;1
2021;07;29;09;0;0
2021;07;29;10;0;0
2021;07;29;11;0;1
2021;07;29;12;0;0
2021;07;29;13;0;0
2021;07;29;14;0;1
2021;07;29;15;0;1
2021;07;29;16;0;0
2021;07;29;17;0;0
2021;07;29;18;0;0
2021;07;29;19;0;0
2021;07;29;20;0;0
2021;07;29;21;0;0
2021;07;29;22;0;0
2021;07;29;23;0;0
2021;07;30;00;0;0
2021;07;30;01;0;0
2021;07;30;02;0;0
2021;07;30;03;0;0
2021;07;30;04;0;0
2021;07;30;05;0;0
2021;07;30;06;0;0
2021;07;30;07;0;0
2021;07;30;08;0;0
2021;07;30;09;0;0
2021;07;30;10;0;0
2021;07;30;11;0;0
2021;07;30;12;0;0
2021;07;30;13;0;0
2021;07;30;14;0;0
2021;07;30;15;0;0
2021;07;30;16;0;0
2021;07;30;17;0;1
2021;07;30;18;1;1
2021;07;30;19;0;0
2021;07;30;20;19;1
2021;07;30;21;0;0
2021;07;30;22;0;0
2021;07;30;23;0;0
2021;07;31;00;0;0
2021;07;31;01;0;0
2021;07;31;02;0;0
2021;07;31;03;0;0
2021;07;31;04;0;0
2021;07;31;05;0;0
2021;07;31;06;0;1
2021;07;31;07;0;1
2021;07;31;08;0;0
2021;07;31;09;0;0
2021;07;31;10;0;1
2021;07;31;11;0;0
2021;07;31;12;0;1
2021;07;31;13;3;1
2021;07;31;14;0;1
2021;07;31;15;1;1
2021;07;31;16;2;1
2021;07;31;17;0;1
2021;07;31;18;0;0
2021;07;31;19;18;1
2021;07;31;20;0;0
2021;07;31;21;0;0
2021;07;31;22;0;0
2021;07;31;23;0;0
2021;08;01;00;0;0
2021;08;01;01;0;0
2021;08;01;02;0;0
2021;08;01;03;0;0
2021;08;01;04;0;0
2021;08;01;05;0;0
2021;08;01;06;0;0
2021;08;01;07;0;0
2021;08;01;08;0;0
2021;08;01;09;0;0
2021;08;01;10;0;0
2021;08;01;11;0;0
2021;08;01;12;0;0
2021;08;01;13;0;0
2021;08;01;14;0;0
2021;08;01;15;0;1
2021;08;01;16;0;0
2021;08;01;17;0;0
2021;08;01;18;47;1
2021;08;01;19;0;1
2021;08;01;20;0;1
2021;08;01;21;0;0
2021;08;01;22;0;0
2021;08;01;23;0;0
2021;08;02;00;0;0
2021;08;02;01;0;0
2021;08;02;02;0;0
2021;08;02;03;0;0
2021;08;02;04;0;0
2021;08;02;05;0;0
2021;08;02;06;0;0
2021;08;02;07;0;0
2021;08;02;08;0;0
2021;08;02;09;0;0
2021;08;02;10;0;0
2021;08;02;11;0;0
2021;08;02;12;0;0
2021;08;02;13;0;0
2021;08;02;14;0;0
2021;08;02;15;0;0
2021;08;02;16;0;0
2021;08;02;17;0;0
2021;08;02;18;0;0
2021;08;02;19;0;1
2021;08;02;20;0;1
2021;08;02;21;9;1
2021;08;02;22;2;1
2021;08;02;23;0;0
2021;08;03;00;0;0
2021;08;03;01;0;0
2021;08;03;02;0;0
2021;08;03;03;0;0
2021;08;03;04;0;0
2021;08;03;05;0;0
2021;08;03;06;0;0
2021;08;03;07;0;0
2021;08;03;08;0;0
2021;08;03;09;0;0
2021;08;03;10;0;0
2021;08;03;11;0;0
2021;08;03;12;0;0
2021;08;03;13;0;0
2021;08;03;14;0;0
2021;08;03;15;0;0
2021;08;03;16;0;0
2021;08;03;17;0;0
2021;08;03;18;0;0
2021;08;03;19;0;1
2021;08;03;20;0;1
2021;08;03;21;0;0
2021;08;03;22;0;0
2021;08;03;23;0;0
2021;08;04;00;0;0
2021;08;04;01;0;0
2021;08;04;02;0;0
2021;08;04;03;0;0
2021;08;04;04;0;0
2021;08;04;05;0;0
2021;08;04;06;0;0
2021;08;04;07;0;0
2021;08;04;08;0;0
2021;08;04;09;0;0
2021;08;04;10;0;0
2021;08;04;11;0;0
2021;08;04;12;0;0
2021;08;04;13;0;0
2021;08;04;14;0;0
2021;08;04;15;0;0
2021;08;04;16;0;0
2021;08;04;17;8;1
2021;08;04;18;0;1
2021;08;04;19;0;1
2021;08;04;20;0;1
2021;08;04;21;0;0
2021;08;04;22;0;0
2021;08;04;23;0;0
2021;08;05;00;0;0
2021;08;05;01;0;0
2021;08;05;02;0;0
2021;08;05;03;0;0
2021;08;05;04;0;0
2021;08;05;05;0;0
2021;08;05;06;0;0
2021;08;05;07;0;0
2021;08;05;08;0;0
2021;08;05;09;0;0
2021;08;05;10;0;0
2021;08;05;11;0;0
2021;08;05;12;0;0
2021;08;05;13;0;0
2021;08;05;14;0;0
2021;08;05;15;0;0
2021;08;05;16;0;0
2021;08;05;17;0;0
2021;08;05;18;0;0
2021;08;05;19;0;1
2021;08;05;20;0;0
2021;08;05;21;0;0
2021;08;05;22;0;0
2021;08;05;23;0;0
